,Country,Happiness2015,GDP2015,Freedom2015,Generosity2015,Year2015,Corruption2015,Happiness2016,GDP2016,Freedom2016,Generosity2016,Year2016,Corruption2016,Happiness2017,GDP2017,Freedom2017,Generosity2017,Year2017,Corruption2017,Happiness2018,GDP2018,Freedom2018,Generosity2018,Year2018,Corruption2018,Happiness2019,GDP2019,Freedom2019,Generosity2019,Year2019,Corruption2019,Happiness2020,GDP2020,Freedom2020,Generosity2020,Year2020,Corruption2020,Happiness2021,GDP2021,Freedom2021,Generosity2021,Year2021,Corruption2021
0,Switzerland,7.587000000000001,1.3965100000000001,0.66557,0.29678000000000004,2015,0.41978000000000004,7.5089999999999995,1.5273299999999999,0.58557,0.28083,2016,0.41203,7.49399995803833,1.5649795532226598,0.620070576667786,0.29054927825927696,2017,0.36700728535652205,7.487,1.42,0.66,0.256,2018,0.35700000000000004,7.48,1.452,0.5720000000000001,0.263,2019,0.34299999999999997,7.559899807000001,1.39077425,0.921336651,0.269055754,2020,0.303728431,7.571000000000001,1.5659999999999998,0.919,0.204,2021,0.292
1,Iceland,7.561,1.3023200000000001,0.6287699999999999,0.4363,2015,0.14145,7.501,1.42666,0.56624,0.47678000000000004,2016,0.14975,7.50400018692017,1.480633020401,0.6271626353263849,0.47554022073745705,2017,0.15352655947208402,7.495,1.3430000000000002,0.677,0.353,2018,0.138,7.494,1.38,0.591,0.354,2019,0.11800000000000001,7.504499912000001,1.326501608,0.948891878,0.362330228,2020,0.7117097379999999,7.553999999999999,1.482,0.955,0.293,2021,0.6729999999999999
2,Denmark,7.527,1.32548,0.6493800000000001,0.34139,2015,0.48357,7.526,1.4417799999999998,0.5794100000000001,0.36171,2016,0.44453000000000004,7.52199983596802,1.48238301277161,0.626006722450256,0.3552804887294771,2017,0.40077006816863997,7.555,1.351,0.6829999999999999,0.284,2018,0.408,7.6,1.383,0.5920000000000001,0.252,2019,0.41,7.645599842,1.326948524,0.9514442679999999,0.24279339600000002,2020,0.168489456,7.62,1.5019999999999998,0.946,0.20800000000000002,2021,0.179
3,Norway,7.522,1.459,0.66973,0.34699,2015,0.36503,7.497999999999999,1.57744,0.59609,0.37895,2016,0.35775999999999997,7.537000179290769,1.6164631843566901,0.635422587394714,0.36201223731041,2017,0.31596383452415505,7.593999999999999,1.456,0.6859999999999999,0.28600000000000003,2018,0.34,7.553999999999999,1.4880000000000002,0.603,0.271,2019,0.341,7.487999916000001,1.42420733,0.955750287,0.287985086,2020,0.26321819399999996,7.392,1.5430000000000001,0.96,0.249,2021,0.27
4,Canada,7.4270000000000005,1.32629,0.63297,0.45811,2015,0.32957,7.404,1.44015,0.5737,0.44833999999999996,2016,0.31329,7.31599998474121,1.47920441627502,0.611100912094116,0.435539722442627,2017,0.287371516227722,7.327999999999999,1.33,0.653,0.321,2018,0.29100000000000004,7.278,1.365,0.584,0.285,2019,0.308,7.23210001,1.301647663,0.9339132309999999,0.28152892,2020,0.390843362,7.103,1.4469999999999998,0.915,0.24600000000000002,2021,0.415
5,Finland,7.406000000000001,1.29025,0.64169,0.23351,2015,0.41372,7.412999999999999,1.40598,0.57104,0.25492,2016,0.41003999999999996,7.468999862670901,1.44357192516327,0.6179508566856379,0.24548277258873,2017,0.38261154294014,7.632000000000001,1.305,0.6809999999999999,0.20199999999999999,2018,0.39299999999999996,7.769,1.34,0.596,0.153,2019,0.39299999999999996,7.808700085,1.285189509,0.949172199,0.159670442,2020,0.19544458399999998,7.8420000000000005,1.446,0.9490000000000001,0.124,2021,0.18600000000000003
6,Netherlands,7.377999999999999,1.32944,0.6157600000000001,0.4761,2015,0.31814000000000003,7.3389999999999995,1.46468,0.55211,0.47416,2016,0.29927,7.3769998550415,1.50394463539124,0.5853844881057739,0.47048982977867104,2017,0.282661825418472,7.441,1.361,0.638,0.33299999999999996,2018,0.295,7.4879999999999995,1.396,0.557,0.322,2019,0.298,7.448900223,1.338946342,0.908547819,0.336317569,2020,0.364717126,7.4639999999999995,1.501,0.9129999999999999,0.302,2021,0.33799999999999997
7,Sweden,7.364,1.33171,0.6598,0.36262,2015,0.43843999999999994,7.291,1.45181,0.58218,0.38254,2016,0.40867,7.28399991989136,1.49438726902008,0.612924098968506,0.38539925217628496,2017,0.384398728609085,7.314,1.355,0.659,0.285,2018,0.38299999999999995,7.343,1.3869999999999998,0.574,0.267,2019,0.373,7.353499889,1.322235227,0.939144194,0.272827893,2020,0.250880182,7.3629999999999995,1.4780000000000002,0.945,0.244,2021,0.237
8,New Zealand,7.2860000000000005,1.2501799999999998,0.6393800000000001,0.47501000000000004,2015,0.42922,7.334,1.36066,0.5814699999999999,0.49401000000000006,2016,0.41903999999999997,7.31400012969971,1.40570604801178,0.6140621304512021,0.500005125999451,2017,0.38281670212745705,7.324,1.268,0.669,0.365,2018,0.389,7.307,1.3030000000000002,0.585,0.33,2019,0.38,7.2996001239999995,1.242317915,0.9362174870000001,0.325726211,2020,0.22113885,7.277,1.4,0.929,0.276,2021,0.242
9,Australia,7.284,1.33358,0.6512399999999999,0.43562,2015,0.35636999999999996,7.313,1.4444299999999999,0.5683699999999999,0.47407,2016,0.32331,7.28399991989136,1.4844149351120002,0.601607382297516,0.47769924998283403,2017,0.301183730363846,7.272,1.34,0.647,0.361,2018,0.302,7.228,1.3719999999999999,0.557,0.332,2019,0.29,7.222799778,1.310396433,0.915431738,0.324973613,2020,0.41516912,7.183,1.453,0.914,0.29100000000000004,2021,0.442
10,Israel,7.278,1.2285700000000002,0.41318999999999995,0.33171999999999996,2015,0.07785,7.267,1.33766,0.36432,0.32288,2016,0.08728,7.212999820709231,1.3753824234008798,0.40598860383033797,0.330082654953003,2017,0.0852421000599861,6.814,1.301,0.5329999999999999,0.354,2018,0.272,7.138999999999999,1.276,0.371,0.261,2019,0.08199999999999999,7.128600121,1.216463685,0.7475805879999999,0.26686179600000004,2020,0.78085506,7.157,1.376,0.8,0.20800000000000002,2021,0.753
11,Costa Rica,7.226,0.95578,0.63376,0.25497,2015,0.10583,7.087000000000001,1.06879,0.55225,0.22553,2016,0.10547000000000001,7.0789999961853,1.10970628261566,0.580131649971008,0.21461322903633104,2017,0.100106589496136,7.072,1.01,0.632,0.14300000000000002,2018,0.10099999999999999,7.167000000000001,1.034,0.5579999999999999,0.14400000000000002,2019,0.09300000000000001,7.121399879,0.981107712,0.9347389340000001,0.131266311,2020,0.7863324279999999,7.069,1.1340000000000001,0.934,0.105,2021,0.809
12,Austria,7.2,1.33723,0.62433,0.33088,2015,0.18675999999999998,7.119,1.45038,0.54355,0.32865,2016,0.21348000000000003,7.00600004196167,1.4870972633361799,0.567766189575195,0.316472321748734,2017,0.22106036543846105,7.138999999999999,1.341,0.617,0.242,2018,0.22399999999999998,7.246,1.376,0.532,0.244,2019,0.226,7.294199944,1.317285538,0.899989486,0.255509764,2020,0.49995487899999996,7.268,1.492,0.9079999999999999,0.215,2021,0.48100000000000004
13,Mexico,7.187,1.02054,0.48181,0.14074,2015,0.21311999999999998,6.778,1.1150799999999998,0.37709000000000004,0.11735,2016,0.18355,6.57800006866455,1.1531838178634601,0.412730008363724,0.12099043279886199,2017,0.132774114608765,6.4879999999999995,1.038,0.479,0.069,2018,0.095,6.595,1.07,0.433,0.07400000000000001,2019,0.073,6.465000152999999,1.024387479,0.8587092759999999,0.083094485,2020,0.806821585,6.317,1.126,0.862,0.092,2021,0.799
14,United States,7.119,1.3945100000000001,0.54604,0.40105,2015,0.1589,7.104,1.50796,0.48163,0.41076999999999997,2016,0.14868,6.993000030517581,1.54625928401947,0.505740523338318,0.392578780651093,2017,0.135638788342476,6.886,1.3980000000000001,0.547,0.29100000000000004,2018,0.133,6.892,1.433,0.45399999999999996,0.28,2019,0.128,6.939599991000001,1.37398684,0.842619538,0.298143059,2020,0.6997153159999999,6.9510000000000005,1.5330000000000001,0.8370000000000001,0.252,2021,0.698
15,Brazil,6.983,0.98124,0.49049,0.14574,2015,0.17521,6.952000000000001,1.08754,0.40425,0.15775999999999998,2016,0.14165999999999998,6.6350002288818395,1.1073532104492199,0.437453746795654,0.16234989464282998,2017,0.11109276115894301,6.419,0.986,0.493,0.11,2018,0.08800000000000001,6.3,1.004,0.39,0.099,2019,0.086,6.375599861,0.952679873,0.799804807,0.131674588,2020,0.7706012729999999,6.33,1.028,0.804,0.142,2021,0.7559999999999999
16,Luxembourg,6.946000000000001,1.5639100000000001,0.61583,0.28034000000000003,2015,0.37798000000000004,6.871,1.6975200000000001,0.5487,0.27571,2016,0.35329,6.86299991607666,1.74194359779358,0.59662789106369,0.283180981874466,2017,0.31883442401886,6.91,1.5759999999999998,0.632,0.196,2018,0.321,7.09,1.609,0.526,0.19399999999999998,2019,0.316,7.2375001910000005,1.536676049,0.90563643,0.19595392,2020,0.367084295,7.324,1.751,0.907,0.166,2021,0.386
17,Ireland,6.94,1.33596,0.6177699999999999,0.45901000000000003,2015,0.28703,6.907,1.4834100000000001,0.54008,0.44963000000000003,2016,0.29754,6.9770002365112305,1.5357066392898602,0.5731103420257571,0.42785832285881,2017,0.29838815331459007,6.977,1.4480000000000002,0.614,0.307,2018,0.306,7.021,1.499,0.516,0.298,2019,0.31,7.093699932000001,1.446886778,0.8869829770000001,0.295426995,2020,0.357184172,7.085,1.6440000000000001,0.879,0.23800000000000002,2021,0.363
18,Belgium,6.937,1.30782,0.5845,0.2225,2015,0.2254,6.928999999999999,1.42539,0.51354,0.2424,2016,0.26248,6.89099979400635,1.4637807607650801,0.5397707223892211,0.23150333762168898,2017,0.251343131065369,6.9270000000000005,1.324,0.583,0.188,2018,0.24,6.922999999999999,1.3559999999999999,0.473,0.16,2019,0.21,6.863500117999999,1.2958427670000001,0.813582063,0.146966159,2020,0.612297952,6.834,1.463,0.7829999999999999,0.08800000000000001,2021,0.6459999999999999
19,United Arab Emirates,6.901,1.42727,0.64157,0.26428,2015,0.38583,6.5729999999999995,1.57352,0.56215,0.26591,2016,0.35561,6.6479997634887695,1.6263433694839498,0.60834527015686,0.3609419465065,2017,0.324489563703537,6.774,2.096,0.284,0.18600000000000003,2018,,6.825,1.5030000000000001,0.598,0.262,2019,0.182,6.790800095,1.4310864209999998,0.941345513,0.28065598,2020,0.594502211,6.561,1.555,0.932,0.23600000000000002,2021,0.589
20,United Kingdom,6.867000000000001,1.26637,0.59625,0.51912,2015,0.32066999999999996,6.725,1.40283,0.50036,0.50156,2016,0.27399,6.71400022506714,1.44163393974304,0.508190035820007,0.492774158716202,2017,0.265428066253662,7.19,1.244,0.46399999999999997,0.262,2018,0.08199999999999999,7.053999999999999,1.3330000000000002,0.45,0.348,2019,0.278,7.164500237,1.273061037,0.834743679,0.37343344100000003,2020,0.43591591700000004,7.064,1.423,0.8590000000000001,0.34,2021,0.45899999999999996
21,Oman,6.853,1.36011,0.63274,0.21541999999999997,2015,0.32524000000000003,,,,,,,,,,,,,,,,,,,,,,,,,,,,,,,,,,,,
22,Venezuela,6.81,1.04424,0.42908,0.058410000000000004,2015,0.11069000000000001,6.084,1.1336700000000002,0.19847,0.0425,2016,0.08304,5.25,1.12843120098114,0.15399712324142498,0.0650196298956871,2017,0.0644911229610443,4.806,0.996,0.133,0.055999999999999994,2018,0.052000000000000005,4.707,0.96,0.154,0.064,2019,0.047,5.053199768,0.7702386379999999,0.62327832,0.08717915400000001,2020,0.837038398,4.8919999999999995,0.852,0.615,0.078,2021,0.8270000000000001
23,Singapore,6.797999999999999,1.52186,0.54252,0.31105,2015,0.4921,6.739,1.64555,0.4877,0.32706,2016,0.46986999999999995,6.57200002670288,1.69227766990662,0.549840569496155,0.345965981483459,2017,0.46430778503417997,6.343,1.5290000000000001,0.631,0.261,2018,0.457,6.2620000000000005,1.5719999999999998,0.556,0.271,2019,0.45299999999999996,6.377099991000001,1.519580126,0.926645339,0.21877090600000001,2020,0.109784193,6.377000000000001,1.695,0.927,0.17600000000000002,2021,0.08199999999999999
24,Panama,6.7860000000000005,1.0635299999999999,0.5421,0.24434,2015,0.0927,6.7010000000000005,1.18306,0.48927,0.2418,2016,0.08423,6.4520001411438,1.23374843597412,0.550026834011078,0.21055693924427,2017,0.070983923971653,6.43,1.112,0.597,0.125,2018,0.063,6.321000000000001,1.149,0.516,0.109,2019,0.054000000000000006,6.304800033999999,1.097667813,0.880366504,0.097207308,2020,0.851588905,6.18,1.298,0.872,0.079,2021,0.856
25,Germany,6.75,1.32792,0.6147699999999999,0.28214,2015,0.21843,6.994,1.44787,0.53466,0.30451999999999996,2016,0.28551,6.9510002136230495,1.48792338371277,0.562511384487152,0.33626917004585305,2017,0.276731938123703,6.965,1.34,0.586,0.273,2018,0.28,6.985,1.3730000000000002,0.495,0.261,2019,0.265,7.075799942000001,1.314184546,0.867371082,0.252037704,2020,0.456422031,7.155,1.48,0.875,0.195,2021,0.46
26,Chile,6.67,1.10715,0.44132,0.33363000000000004,2015,0.12869,6.705,1.2167,0.37789,0.31595,2016,0.11450999999999999,6.65199995040894,1.25278460979462,0.376895278692245,0.3266624212265011,2017,0.0822879821062088,6.476,1.131,0.431,0.19699999999999998,2018,0.061,6.444,1.159,0.35700000000000004,0.187,2019,0.055999999999999994,6.228499889,1.096992493,0.7448962929999999,0.155579001,2020,0.838239431,6.172000000000001,1.2,0.742,0.159,2021,0.83
27,Qatar,6.611000000000001,1.69042,0.6404,0.32573,2015,0.52208,6.375,1.82427,0.56679,0.32388,2016,0.48049,6.375,1.8707656860351598,0.604130983352661,0.33047387003898604,2017,0.43929925560951205,6.374,1.649,0.654,0.256,2018,0.171,6.374,1.6840000000000002,0.555,0.22,2019,0.16699999999999998,,,,,,,,,,,,
28,France,6.575,1.27778,0.55011,0.12332,2015,0.20646,6.478,1.39488,0.46562,0.1216,2016,0.17808,6.44199991226196,1.43092346191406,0.470222115516663,0.129762306809425,2017,0.172502428293228,6.489,1.2930000000000001,0.52,0.098,2018,0.17600000000000002,6.5920000000000005,1.324,0.436,0.111,2019,0.183,6.663799762999999,1.268129349,0.8254676459999999,0.112607703,2020,0.583521128,6.69,1.421,0.8220000000000001,0.092,2021,0.5710000000000001
29,Argentina,6.574,1.05351,0.44974,0.11450999999999999,2015,0.08484,6.65,1.15137,0.42283999999999994,0.10989000000000002,2016,0.07296,6.59899997711182,1.18529546260834,0.49451920390129106,0.109457060694695,2017,0.05973988771438599,6.388,1.073,0.57,0.062,2018,0.054000000000000006,6.086,1.092,0.47100000000000003,0.066,2019,0.05,5.974699974,1.028465629,0.831132412,0.070100471,2020,0.8420098420000001,5.928999999999999,1.162,0.828,0.069,2021,0.8340000000000001
30,Czech Republic,6.505,1.17898,0.46363999999999994,0.10686,2015,0.02652,6.596,1.30915,0.41418,0.09929,2016,0.03986,6.60900020599365,1.35268235206604,0.49094617366790794,0.0881067588925362,2017,0.0368729270994663,6.711,1.2329999999999999,0.5429999999999999,0.064,2018,0.034,6.852,1.2690000000000001,0.457,0.046,2019,0.036000000000000004,6.9109001160000005,1.212322354,0.818537354,0.046325929,2020,0.85844624,6.965,1.37,0.858,0.052000000000000005,2021,0.868
31,Uruguay,6.485,1.06166,0.6036199999999999,0.2324,2015,0.24558000000000002,6.545,1.18157,0.54388,0.18056,2016,0.21394000000000002,6.4539999961853,1.2175596952438401,0.5793922543525699,0.175096929073334,2017,0.17806187272071802,6.379,1.093,0.625,0.13,2018,0.155,6.292999999999999,1.124,0.523,0.127,2019,0.15,6.440100192999999,1.071000457,0.892395437,0.132143691,2020,0.635994136,6.431,1.1640000000000001,0.8959999999999999,0.128,2021,0.59
32,Colombia,6.477,0.91861,0.53466,0.18400999999999998,2015,0.0512,6.481,1.0303200000000001,0.44735,0.15625999999999998,2016,0.053989999999999996,6.35699987411499,1.07062232494354,0.47748741507530196,0.14901447296142598,2017,0.0466687418520451,6.26,0.96,0.531,0.099,2018,0.039,6.125,0.985,0.47,0.099,2019,0.034,6.163400172999999,0.93220371,0.8361799120000001,0.092374094,2020,0.86457181,6.0120000000000005,1.021,0.8370000000000001,0.1,2021,0.841
33,Thailand,6.455,0.9669,0.5566399999999999,0.5763,2015,0.031869999999999996,6.474,1.0893,0.49553,0.58696,2016,0.02833,6.4239997863769505,1.12786877155304,0.580200731754303,0.572123110294342,2017,0.0316127352416515,6.072,1.016,0.637,0.364,2018,0.028999999999999998,6.007999999999999,1.05,0.557,0.359,2019,0.027999999999999997,5.9987998010000005,1.007029295,0.905063033,0.376709014,2020,0.8862723109999999,5.985,1.107,0.884,0.375,2021,0.895
34,Saudi Arabia,6.4110000000000005,1.39541,0.31048000000000003,0.13706,2015,0.32524000000000003,6.379,1.48953,0.37904,0.15457,2016,0.30008,6.343999862670901,1.53062355518341,0.449750572443008,0.147616013884544,2017,0.27343225479126004,6.371,1.379,0.509,0.098,2018,0.127,6.375,1.403,0.439,0.08,2019,0.132,6.406499863,1.334328532,0.854191244,0.087440684,2020,0.682619512,6.494,1.435,0.877,0.09,2021,0.684
35,Spain,6.329,1.23011,0.45951000000000003,0.18227000000000002,2015,0.06398,6.361000000000001,1.34253,0.37545,0.17665,2016,0.06137000000000001,6.40299987792969,1.38439786434174,0.408781230449677,0.190133571624756,2017,0.0709140971302986,6.31,1.251,0.449,0.142,2018,0.07400000000000001,6.354,1.286,0.36200000000000004,0.153,2019,0.079,6.4008998870000005,1.230535269,0.751989543,0.16530548,2020,0.765859902,6.4910000000000005,1.375,0.7609999999999999,0.135,2021,0.745
36,Malta,6.3020000000000005,1.2074,0.60365,0.51752,2015,0.13585999999999998,6.4879999999999995,1.30782,0.54994,0.56237,2016,0.17554,6.52699995040894,1.34327983856201,0.588767051696777,0.5747305750846861,2017,0.153066068887711,6.627000000000001,1.27,0.645,0.376,2018,0.142,6.726,1.3,0.564,0.375,2019,0.151,6.772799968999999,1.2525132890000001,0.9249114390000001,0.341180831,2020,0.658547282,6.602,1.411,0.927,0.275,2021,0.653
37,Taiwan,6.297999999999999,1.29098,0.3974,0.25376,2015,0.08129,6.379,1.39729,0.32377,0.25495,2016,0.0663,,,,,,,6.441,1.365,0.418,0.151,2018,0.078,6.446000000000001,1.368,0.35100000000000003,0.242,2019,0.09699999999999999,,,,,,,,,,,,
38,Kuwait,6.295,1.5542200000000002,0.55499,0.16228,2015,0.25609,6.239,1.61714,0.43166000000000004,0.15965,2016,0.23669,6.10500001907349,1.63295245170593,0.49633759260177596,0.228289797902107,2017,0.21515955030918102,6.082999999999999,1.474,0.5539999999999999,0.16699999999999998,2018,0.106,6.021,1.5,0.493,0.142,2019,0.09699999999999999,6.102099895,1.424833655,0.8723664879999999,0.132751092,2020,0.7608490590000001,6.106,1.4609999999999999,0.867,0.12,2021,0.736
39,Suriname,6.269,0.99534,0.5965699999999999,0.16990999999999998,2015,0.13633,6.269,1.09686,0.5223399999999999,0.16665,2016,0.12692,,,,,,,,,,,,,,,,,,,,,,,,,,,,,,
40,Trinidad and Tobago,6.167999999999999,1.21183,0.55884,0.31844,2015,0.0114,6.167999999999999,1.32572,0.48453,0.31935,2016,0.01241,6.1680002212524405,1.36135590076447,0.518630743026733,0.32529646158218395,2017,0.00896481610834599,,,,,,,,,,,,,6.1918997760000005,1.167641521,0.8579071159999999,0.199358255,2020,0.9122306109999999,,,,,,
41,El Salvador,6.13,0.76454,0.4035,0.10692,2015,0.11775999999999999,6.068,0.8737,0.37269,0.08877,2016,0.10613,6.002999782562259,0.9097844958305359,0.432452529668808,0.0782579854130745,2017,0.0899809598922729,6.167000000000001,0.8059999999999999,0.461,0.065,2018,0.08199999999999999,6.252999999999999,0.794,0.43,0.09300000000000001,2019,0.07400000000000001,6.34829998,0.748940408,0.833805263,0.11893630000000001,2020,0.754319906,6.061,0.845,0.888,0.11599999999999999,2021,0.688
42,Guatemala,6.122999999999999,0.74553,0.57733,0.27489,2015,0.09472,6.324,0.83454,0.50379,0.28808,2016,0.08701,6.4539999961853,0.872001945972443,0.5313106179237371,0.283488392829895,2017,0.0772232785820961,6.382000000000001,0.7809999999999999,0.604,0.179,2018,0.071,6.436,0.8,0.535,0.175,2019,0.078,6.398900032,0.7538157109999999,0.9081475729999999,0.170611665,2020,0.783237457,6.435,0.845,0.9059999999999999,0.163,2021,0.775
43,Uzbekistan,6.002999999999999,0.63244,0.6582100000000001,0.22837,2015,0.30826,5.987,0.7359100000000001,0.60848,0.34326,2016,0.28333,5.97100019454956,0.786441087722778,0.6582486629486078,0.41598364710807795,2017,0.246528223156929,6.096,0.7190000000000001,0.7240000000000001,0.32799999999999996,2018,0.259,6.1739999999999995,0.745,0.631,0.322,2019,0.24,6.257599831,0.6966529490000001,0.974998116,0.36331102299999996,2020,0.501497388,6.178999999999999,0.769,0.97,0.391,2021,0.515
44,Slovakia,5.995,1.1689100000000001,0.31751,0.16893,2015,0.03431,6.077999999999999,1.27973,0.23390999999999998,0.13837,2016,0.02947,6.09800004959106,1.32539355754852,0.295817464590073,0.136544480919838,2017,0.0242108516395092,6.172999999999999,1.21,0.354,0.11800000000000001,2018,0.013999999999999999,6.1979999999999995,1.246,0.33399999999999996,0.121,2019,0.013999999999999999,6.280600071,1.194837689,0.7499526740000001,0.11672977400000001,2020,0.918096125,6.331,1.304,0.7659999999999999,0.107,2021,0.9109999999999999
45,Japan,5.987,1.27074,0.49615,0.10705,2015,0.1806,5.921,1.3800700000000001,0.46761,0.10224,2016,0.18985,5.92000007629395,1.41691517829895,0.505625545978546,0.12057276815175999,2017,0.163760736584663,5.915,1.294,0.5529999999999999,0.079,2018,0.15,5.886,1.327,0.445,0.069,2019,0.14,5.870800018,1.26672411,0.8099613790000001,0.03571178,2020,0.654558063,5.94,1.389,0.7959999999999999,0.02,2021,0.638
46,South Korea,5.984,1.24461,0.33208000000000004,0.18557,2015,0.07857,5.835,1.35948,0.25168,0.18824000000000002,2016,0.07716,5.837999820709231,1.40167844295502,0.257921665906906,0.206674367189407,2017,0.0632826685905457,5.875,1.266,0.244,0.175,2018,0.051,5.895,1.301,0.159,0.175,2019,0.055999999999999994,5.872399807000001,1.245300651,0.6129651070000001,0.17030386600000003,2020,0.789067447,5.845,1.403,0.672,0.134,2021,0.727
47,Ecuador,5.975,0.8640200000000001,0.48573999999999995,0.11540999999999998,2015,0.1809,5.976,0.97306,0.4027,0.10074,2016,0.18037,6.00799989700317,1.00082039833069,0.4551981985569,0.15011246502399403,2017,0.140134647488594,5.973,0.889,0.556,0.114,2018,0.12,6.028,0.912,0.498,0.126,2019,0.087,5.925199986,0.853383601,0.8598289490000001,0.115006477,2020,0.8012151120000001,5.763999999999999,0.935,0.8420000000000001,0.107,2021,0.843
48,Bahrain,5.96,1.32376,0.45492,0.17362,2015,0.306,6.218,1.44024,0.47375,0.17147,2016,0.25772,6.08699989318848,1.4884122610092199,0.536746919155121,0.17266848683357197,2017,0.257042169570923,6.105,1.338,0.594,0.243,2018,0.12300000000000001,6.199,1.3619999999999999,0.536,0.255,2019,0.11,6.227300167,1.296692252,0.905855775,0.287453711,2020,0.7393470999999999,6.647,1.409,0.925,0.24600000000000002,2021,0.722
49,Italy,5.9479999999999995,1.25114,0.26236,0.22823000000000002,2015,0.02901,5.977,1.35495,0.18827,0.16684000000000002,2016,0.02556,5.96400022506714,1.3950666189193701,0.256450712680817,0.17278964817523998,2017,0.0280280914157629,6.0,1.264,0.281,0.13699999999999998,2018,0.027999999999999997,6.223,1.294,0.231,0.158,2019,0.03,6.38740015,1.236396074,0.66465199,0.17026621100000003,2020,0.873404682,6.483,1.393,0.693,0.133,2021,0.866
50,Bolivia,5.89,0.68133,0.57414,0.20536,2015,0.08800000000000001,5.822,0.79422,0.50961,0.21698,2016,0.07746,5.82299995422363,0.833756566047668,0.5587329268455511,0.22556072473526,2017,0.0604777261614799,5.752000000000001,0.7509999999999999,0.606,0.141,2018,0.054000000000000006,5.779,0.7759999999999999,0.511,0.13699999999999998,2019,0.064,5.747499942999999,0.7309763429999999,0.875873327,0.13837507400000001,2020,0.8226062059999999,5.716,0.8420000000000001,0.875,0.138,2021,0.8390000000000001
51,Moldova,5.888999999999999,0.59448,0.32818,0.20951,2015,0.01615,5.897,0.69177,0.25201999999999997,0.19997,2016,0.019030000000000002,5.837999820709231,0.7288706302642819,0.24072904884815197,0.20877912640571603,2017,0.0100912861526012,5.64,0.657,0.23199999999999998,0.171,2018,0.0,5.529,0.685,0.245,0.18100000000000002,2019,0.0,5.607500076,0.7079167959999999,0.721609175,0.174049184,2020,0.913314283,5.766,0.985,0.8220000000000001,0.13699999999999998,2021,0.9179999999999999
52,Paraguay,5.877999999999999,0.75985,0.53899,0.3424,2015,0.08242000000000001,5.537999999999999,0.8937299999999999,0.46235,0.25296,2016,0.07396,5.493000030517581,0.932537317276001,0.473507791757584,0.224150657653809,2017,0.091065913438797,5.681,0.835,0.541,0.162,2018,0.07400000000000001,5.742999999999999,0.855,0.514,0.184,2019,0.08,5.6921000479999995,0.897990823,0.885923445,0.20429924100000002,2020,0.8347885009999999,5.653,0.983,0.8759999999999999,0.20600000000000002,2021,0.882
53,Kazakhstan,5.855,1.1225399999999999,0.51649,0.11827,2015,0.08454,5.919,1.22943,0.4052,0.15011,2016,0.11132,5.8189997673034695,1.2845562696456898,0.43745428323745705,0.20196442306041698,2017,0.11928288638591802,5.79,1.143,0.45399999999999996,0.14800000000000002,2018,0.121,5.809,1.173,0.41,0.146,2019,0.096,6.0578999520000005,1.122594237,0.811601937,0.15371379300000002,2020,0.7644908429999999,6.152,1.23,0.853,0.14300000000000002,2021,0.733
54,Slovenia,5.848,1.18498,0.60855,0.25328,2015,0.03787,5.768,1.2994700000000001,0.53164,0.25738,2016,0.03635,5.75799989700317,1.3412059545516999,0.572575807571411,0.242649093270302,2017,0.0451289787888527,5.9479999999999995,1.219,0.633,0.16,2018,0.051,6.117999999999999,1.258,0.564,0.14400000000000002,2019,0.057,6.363399982000001,1.208652496,0.936142623,0.145701498,2020,0.817071021,6.461,1.36,0.9490000000000001,0.122,2021,0.8059999999999999
55,Lithuania,5.832999999999999,1.14723,0.21341999999999997,0.026410000000000003,2015,0.01031,5.813,1.2692,0.18929,0.02025,2016,0.0182,5.90199995040894,1.3145823478698702,0.234231784939766,0.010164656676352,2017,0.0118656428530812,5.952000000000001,1.197,0.35,0.026000000000000002,2018,0.006,6.149,1.238,0.29100000000000004,0.043,2019,0.042,6.215499877999999,1.193559647,0.747381449,0.053691040999999995,2020,0.809583843,6.255,1.35,0.773,0.055999999999999994,2021,0.826
56,Nicaragua,5.827999999999999,0.59325,0.55475,0.27815,2015,0.19317,5.992000000000001,0.69384,0.46581999999999996,0.29773,2016,0.16292,6.07100009918213,0.737299203872681,0.447551846504211,0.301674216985703,2017,0.130687981843948,6.141,0.6679999999999999,0.527,0.20800000000000002,2018,0.128,6.105,0.6940000000000001,0.435,0.2,2019,0.127,6.13710022,0.620033145,0.8639028670000001,0.212871477,2020,0.665950119,5.972,0.693,0.836,0.201,2021,0.664
57,Peru,5.824,0.9001899999999999,0.41496000000000005,0.14982,2015,0.05989,5.742999999999999,0.9960200000000001,0.37501999999999996,0.14527,2016,0.05292,5.71500015258789,1.0352252721786501,0.45000287890434293,0.126819714903831,2017,0.0470490865409374,5.662999999999999,0.934,0.53,0.092,2018,0.034,5.697,0.96,0.455,0.083,2019,0.027000000000000003,5.796800137000001,0.91854918,0.8247660990000001,0.091611817,2020,0.8937149640000001,5.84,0.986,0.8220000000000001,0.087,2021,0.8909999999999999
58,Belarus,5.813,1.0319200000000002,0.37938,0.11045999999999999,2015,0.1909,5.8020000000000005,1.1306200000000002,0.29091,0.13942000000000002,2016,0.17457,5.5689997673034695,1.15655755996704,0.295400261878967,0.15513750910759,2017,0.156313821673393,5.483,1.0390000000000001,0.307,0.10099999999999999,2018,0.154,5.3229999999999995,1.067,0.235,0.094,2019,0.142,5.539899826,1.0188544990000001,0.6391630770000001,0.08993306,2020,0.63571167,5.534,1.124,0.65,0.07,2021,0.627
59,Poland,5.791,1.12555,0.53122,0.16759000000000002,2015,0.04212,5.835,1.24585,0.4519,0.14443,2016,0.055,5.97300004959106,1.29178786277771,0.520342111587524,0.158465966582298,2017,0.0593078061938286,6.122999999999999,1.176,0.546,0.10800000000000001,2018,0.064,6.182,1.206,0.483,0.11699999999999999,2019,0.05,6.1862998010000005,1.16922915,0.8620557790000001,0.06337424400000001,2020,0.6869270209999999,6.166,1.3090000000000002,0.841,0.08,2021,0.735
60,Malaysia,5.77,1.12486,0.5302399999999999,0.33075,2015,0.10500999999999999,6.005,1.25142,0.39031,0.41473999999999994,2016,0.09081,6.08400011062622,1.29121541976929,0.40226498246192893,0.416608929634094,2017,0.0656007081270218,6.322,1.161,0.35600000000000004,0.311,2018,0.059000000000000004,5.3389999999999995,1.2209999999999999,0.508,0.26,2019,0.024,5.384300232,1.168421626,0.8946268559999999,0.274886161,2020,0.8393023009999999,5.3839999999999995,1.2590000000000001,0.895,0.27,2021,0.8390000000000001
61,Croatia,5.7589999999999995,1.08254,0.25883,0.054439999999999995,2015,0.0243,5.4879999999999995,1.18649,0.23906999999999998,0.18434,2016,0.04002,5.2930002212524405,1.22255623340607,0.255772292613983,0.248002976179123,2017,0.0431031100451946,5.321000000000001,1.115,0.38,0.12,2018,0.039,5.432,1.155,0.29600000000000004,0.11900000000000001,2019,0.022000000000000002,5.504700184,1.109024286,0.714838803,0.113998979,2020,0.916495264,5.882000000000001,1.251,0.754,0.111,2021,0.9390000000000001
62,Libya,5.754,1.13145,0.41668,0.18295,2015,0.11023,5.615,1.0668799999999998,0.40671999999999997,0.17087,2016,0.10339000000000001,5.525000095367429,1.1018030643463101,0.465733230113983,0.15207366645336198,2017,0.0926102101802826,5.566,0.985,0.496,0.11599999999999999,2018,0.14800000000000002,5.525,1.044,0.41600000000000004,0.133,2019,0.152,5.488800049,1.021913767,0.773157001,0.14275769900000002,2020,0.668779135,5.41,1.044,0.7709999999999999,0.131,2021,0.667
63,Russia,5.716,1.13764,0.36679,0.00199,2015,0.03005,5.856,1.2322799999999998,0.32682,0.027360000000000002,2016,0.03586,5.962999820709231,1.28177809715271,0.373783111572266,0.0522638224065304,2017,0.0329628810286522,5.81,1.151,0.39899999999999997,0.065,2018,0.025,5.648,1.183,0.33399999999999996,0.08199999999999999,2019,0.031,5.546000004,1.126999617,0.729892612,0.099041916,2020,0.864802599,5.477,1.2409999999999999,0.718,0.115,2021,0.845
64,Jamaica,5.709,0.81038,0.50442,0.2123,2015,0.02299,5.51,0.89333,0.43596999999999997,0.22245,2016,0.04294,5.31099987030029,0.925579309463501,0.474307239055634,0.23381833732128102,2017,0.0552677810192108,5.89,0.8190000000000001,0.575,0.096,2018,0.031,5.89,0.831,0.49,0.107,2019,0.027999999999999997,5.889800072000001,0.779058397,0.8580685259999999,0.116268493,2020,0.8888900279999999,6.309,0.8909999999999999,0.89,0.099,2021,0.884
65,North Cyprus,5.695,1.2080600000000001,0.49027,0.26169000000000003,2015,0.1428,5.771,1.31141,0.43596,0.26322,2016,0.16577999999999998,5.80999994277954,1.3469113111496,0.47120362520217896,0.266845703125,2017,0.155353352427483,,,,,,,,,,,,,5.53550005,1.21279943,0.79529351,0.19916005399999998,2020,0.62611568,5.5360000000000005,1.3769999999999998,0.795,0.196,2021,0.626
66,Cyprus,5.689,1.20813,0.40671999999999997,0.30638000000000004,2015,0.06146,5.546,1.31857,0.29507,0.27906,2016,0.05227999999999999,5.62099981307983,1.3559380769729599,0.35511153936386103,0.271254301071167,2017,0.0412379764020443,5.7620000000000005,1.229,0.423,0.20199999999999999,2018,0.035,6.046,1.263,0.406,0.19,2019,0.040999999999999995,6.15899992,1.21279943,0.7798582909999999,0.227932334,2020,0.8562717440000001,6.223,1.3769999999999998,0.763,0.17800000000000002,2021,0.8440000000000001
67,Algeria,5.605,0.93929,0.28579,0.07822,2015,0.17382999999999998,6.355,1.05266,0.21006,0.07044,2016,0.16157,5.872000217437741,1.09186446666718,0.233335807919502,0.0694366469979286,2017,0.14609611034393302,5.295,0.9790000000000001,0.077,0.055,2018,0.135,5.211,1.002,0.086,0.073,2019,0.114,5.005099773,0.9438560009999999,0.46661090899999996,0.118915014,2020,0.7354851370000001,4.887,0.946,0.48,0.14400000000000002,2021,0.752
68,Kosovo,5.5889999999999995,0.80148,0.24749000000000002,0.2831,2015,0.04741,5.401,0.90145,0.14396,0.27992,2016,0.06547,5.27899980545044,0.951484382152557,0.260287940502167,0.319931447505951,2017,0.0574716180562973,5.662000000000001,0.855,0.44799999999999995,0.27399999999999997,2018,0.023,6.1,0.882,0.489,0.262,2019,0.006,6.325200081,0.8404813409999999,0.861535907,0.325286865,2020,0.922328293,6.372000000000001,0.937,0.8690000000000001,0.35600000000000004,2021,0.917
69,Turkmenistan,5.547999999999999,0.95847,0.4761,0.16979,2015,0.30844,5.6579999999999995,1.08017,0.37408,0.22566999999999998,2016,0.28467,5.82200002670288,1.1307767629623402,0.41827192902565,0.24992498755454998,2017,0.25927034020423895,5.636,1.016,0.41700000000000004,0.19899999999999998,2018,0.037000000000000005,5.247000000000001,1.052,0.39399999999999996,0.244,2019,0.027999999999999997,5.119100093999999,1.008963585,0.8264570240000001,0.323129326,2020,0.883691847,5.066,1.046,0.877,0.366,2021,0.888
70,Mauritius,5.477,1.0076100000000001,0.56066,0.37744,2015,0.07521,5.648,1.14372,0.46145,0.36951,2016,0.05202999999999999,5.62900018692017,1.1893955469131499,0.491247326135635,0.360933750867844,2017,0.0421815551817417,5.891,1.09,0.584,0.245,2018,0.05,5.888,1.12,0.498,0.215,2019,0.06,6.101299762999999,1.07366395,0.889534533,0.18689455100000002,2020,0.8053430909999999,6.0489999999999995,1.178,0.867,0.153,2021,0.789
71,Hong Kong,5.474,1.38604,0.59608,0.39478,2015,0.37124,5.457999999999999,1.5107,0.48078999999999994,0.40097,2016,0.31647,,,,,,,5.43,1.405,0.524,0.24600000000000002,2018,0.29100000000000004,5.43,1.4380000000000002,0.44,0.258,2019,0.287,,,,,,,,,,,,
72,Estonia,5.428999999999999,1.15174,0.44888,0.0868,2015,0.15184,5.517,1.2796399999999999,0.41511000000000003,0.08423,2016,0.18519000000000002,5.61100006103516,1.3208793401718102,0.479131430387497,0.0988908112049103,2017,0.18324892222881303,5.739,1.2,0.5529999999999999,0.086,2018,0.174,5.893,1.237,0.495,0.10300000000000001,2019,0.161,6.0218000410000005,1.192441225,0.87770915,0.12513674800000002,2020,0.623073816,6.189,1.344,0.909,0.11900000000000001,2021,0.527
73,Indonesia,5.399,0.8282700000000001,0.46611,0.51535,2015,0.0,5.314,0.95104,0.39237,0.56521,2016,0.00322,5.26200008392334,0.995538592338562,0.443323463201523,0.611704587936401,2017,0.0153171354904771,5.093,0.899,0.5379999999999999,0.484,2018,0.018000000000000002,5.192,0.9309999999999999,0.491,0.498,2019,0.027999999999999997,5.285600185,0.891720712,0.8706144090000001,0.542646527,2020,0.876296401,5.345,0.9540000000000001,0.873,0.541,2021,0.867
74,Vietnam,5.36,0.63216,0.59444,0.1686,2015,0.10440999999999999,5.061,0.74037,0.5595399999999999,0.25075,2016,0.11556,5.07399988174438,0.7885475754737851,0.571055591106415,0.23496805131435397,2017,0.0876332372426987,5.103,0.715,0.618,0.177,2018,0.079,5.175,0.741,0.5429999999999999,0.147,2019,0.073,5.353499889,0.718092382,0.939592957,0.136488721,2020,0.79642123,5.4110000000000005,0.8170000000000001,0.94,0.124,2021,0.7959999999999999
75,Turkey,5.332000000000001,1.06098,0.22815,0.12253,2015,0.15746,5.388999999999999,1.1649200000000002,0.23889000000000002,0.04707,2016,0.12347999999999999,5.5,1.1982743740081798,0.300740599632263,0.0466930419206619,2017,0.0996715798974037,5.483,1.148,0.324,0.106,2018,0.109,5.372999999999999,1.183,0.195,0.083,2019,0.106,5.131800175,1.127169251,0.6088304520000001,0.08588556900000001,2020,0.748197377,4.948,1.26,0.5760000000000001,0.09699999999999999,2021,0.7759999999999999
76,Kyrgyzstan,5.2860000000000005,0.47428000000000003,0.43477,0.3003,2015,0.042319999999999997,5.185,0.5604399999999999,0.40212,0.38432,2016,0.047619999999999996,5.0040001869201705,0.5962200760841371,0.454943388700485,0.42858037352562,2017,0.0394391790032387,5.131,0.53,0.54,0.281,2018,0.035,5.261,0.551,0.508,0.3,2019,0.023,5.541500092000001,0.513180971,0.909374893,0.30137074,2020,0.888396084,5.744,0.665,0.935,0.266,2021,0.9079999999999999
77,Nigeria,5.268,0.65435,0.34334000000000003,0.27233,2015,0.0403,4.875,0.75216,0.27854,0.23219,2016,0.0305,5.07399988174438,0.783756256103516,0.394952565431595,0.23094719648361198,2017,0.0261215660721064,5.155,0.6890000000000001,0.462,0.201,2018,0.032,5.265,0.696,0.426,0.215,2019,0.040999999999999995,4.724100113,0.645901859,0.759578407,0.221328124,2020,0.861874342,4.7589999999999995,0.6629999999999999,0.737,0.212,2021,0.878
78,Bhutan,5.252999999999999,0.77042,0.5320600000000001,0.47998,2015,0.15445,5.196000000000001,0.8527,0.46074,0.48546000000000006,2016,0.1616,5.01100015640259,0.885416388511658,0.5015376806259161,0.474054545164108,2017,0.17338038980960802,5.082,0.7959999999999999,0.541,0.364,2018,0.171,5.082,0.813,0.457,0.37,2019,0.16699999999999998,,,,,,,,,,,,
79,Azerbaijan,5.212000000000001,1.02389,0.3703,0.07799,2015,0.16065,5.291,1.12373,0.35327,0.0564,2016,0.17914000000000002,5.234000205993651,1.1536017656326298,0.39815583825111406,0.0452693402767181,2017,0.180987507104874,5.2010000000000005,1.024,0.43,0.031,2018,0.17600000000000002,5.207999999999999,1.043,0.35100000000000003,0.035,2019,0.182,5.164800167,0.990272701,0.786824107,0.040113214,2020,0.55253756,5.171,1.025,0.8140000000000001,0.043,2021,0.506
80,Pakistan,5.194,0.59543,0.12102,0.33671,2015,0.10464000000000001,5.132000000000001,0.68816,0.14622000000000002,0.31185,2016,0.1388,5.26900005340576,0.7268835306167599,0.23521526157856,0.31544601917266807,2017,0.12434806674718901,5.472,0.652,0.33399999999999996,0.21600000000000003,2018,0.113,5.653,0.677,0.313,0.22,2019,0.098,5.69329977,0.616799474,0.734833717,0.22870506300000001,2020,0.7457054259999999,4.934,0.637,0.726,0.252,2021,0.787
81,Jordan,5.192,0.9019799999999999,0.40660999999999997,0.11052999999999999,2015,0.14293,5.303,0.9967299999999999,0.36023,0.14262,2016,0.13297,5.33599996566772,0.9910123944282528,0.418421149253845,0.17217046022415197,2017,0.11980327218771002,5.1610000000000005,0.8220000000000001,0.46799999999999997,0.13,2018,0.134,4.906000000000001,0.8370000000000001,0.38299999999999995,0.11,2019,0.13,4.6333999630000005,0.785179198,0.75104779,0.091494769,2020,0.700344324,4.395,0.89,0.755,0.079,2021,0.705
82,Montenegro,5.192,0.9743799999999999,0.1826,0.1614,2015,0.14296,5.1610000000000005,1.07838,0.15111,0.17190999999999998,2016,0.12721,5.23699998855591,1.12112903594971,0.194989055395126,0.197911024093628,2017,0.0881741940975189,5.347,1.0170000000000001,0.259,0.111,2018,0.081,5.523,1.051,0.19699999999999998,0.142,2019,0.08,5.54610014,1.010150075,0.649565637,0.14901033,2020,0.7831215859999999,5.581,1.155,0.708,0.166,2021,0.812
83,China,5.14,0.89012,0.5169699999999999,0.08185,2015,0.02781,5.245,1.0278,0.44011999999999996,0.049589999999999995,2016,0.02745,5.2729997634887695,1.08116579055786,0.47278770804405196,0.0288068410009146,2017,0.0227942746132612,5.246,0.9890000000000001,0.597,0.028999999999999998,2018,0.10300000000000001,5.191,1.0290000000000001,0.521,0.057999999999999996,2019,0.1,5.123899937,0.990533412,0.898517907,0.079021044,2020,0.7539710999999999,5.3389999999999995,1.061,0.904,0.09300000000000001,2021,0.755
84,Zambia,5.129,0.47038,0.48827,0.19591,2015,0.12468,4.795,0.61202,0.42662,0.17865999999999999,2016,0.11479,4.513999938964839,0.6364067792892459,0.461603492498398,0.249580144882202,2017,0.0782135501503944,4.377,0.562,0.503,0.221,2018,0.08199999999999999,4.107,0.578,0.431,0.247,2019,0.087,3.759399891,0.536833763,0.806500256,0.250620902,2020,0.801289678,4.073,0.528,0.782,0.22699999999999998,2021,0.823
85,Romania,5.124,1.04345,0.35068,0.13748,2015,0.006490000000000001,5.528,1.1697,0.36712,0.12889,2016,0.006790000000000001,5.824999809265139,1.21768391132355,0.457003742456436,0.133519917726517,2017,0.0043879006989300294,5.945,1.1159999999999999,0.528,0.08800000000000001,2018,0.001,6.07,1.162,0.462,0.083,2019,0.005,6.123700142000001,1.1204016209999998,0.842823207,0.068181619,2020,0.9343002440000001,6.14,1.275,0.845,0.045,2021,0.938
86,Serbia,5.122999999999999,0.92053,0.20107,0.19230999999999998,2015,0.02617,5.1770000000000005,1.03437,0.15718,0.20736999999999997,2016,0.04339,5.39499998092651,1.06931757926941,0.20871552824974102,0.22012588381767298,2017,0.0409037806093693,5.398,0.975,0.28800000000000003,0.134,2018,0.043,5.603,1.004,0.282,0.13699999999999998,2019,0.039,5.77820015,0.9881818290000001,0.726495862,0.15028289,2020,0.843509018,6.077999999999999,1.101,0.778,0.18899999999999997,2021,0.835
87,Portugal,5.102,1.15991,0.51469,0.13719,2015,0.01078,5.122999999999999,1.27607,0.44727,0.11690999999999999,2016,0.01521,5.19500017166138,1.3151752948761002,0.498465299606323,0.0951027125120163,2017,0.0158694516867399,5.41,1.188,0.562,0.055,2018,0.017,5.693,1.2209999999999999,0.508,0.047,2019,0.025,5.9109001160000005,1.168800831,0.8887478109999999,0.053036947,2020,0.8926295040000001,5.928999999999999,1.3230000000000002,0.892,0.028999999999999998,2021,0.887
88,Latvia,5.098,1.11312,0.29671,0.18225999999999998,2015,0.06332,5.56,1.2178799999999999,0.27996,0.17445,2016,0.0889,5.849999904632571,1.26074862480164,0.32570791244506797,0.153074786067009,2017,0.0738427266478539,5.933,1.148,0.363,0.092,2018,0.066,5.94,1.187,0.264,0.075,2019,0.064,5.9499998089999995,1.14139545,0.671237648,0.075407945,2020,0.7955800890000001,6.032,1.285,0.715,0.08199999999999999,2021,0.8
89,Philippines,5.073,0.70532,0.62545,0.24991,2015,0.12279000000000001,5.279,0.81217,0.5485399999999999,0.21674000000000002,2016,0.11757000000000001,5.42999982833862,0.85769921541214,0.585214674472809,0.193513423204422,2017,0.0993318930268288,5.524,0.775,0.643,0.12,2018,0.105,5.631,0.807,0.5579999999999999,0.11699999999999999,2019,0.107,6.006000042,0.7751206759999999,0.915463448,0.12926021199999999,2020,0.7336341140000001,5.88,0.853,0.917,0.125,2021,0.742
90,Somaliland region,5.0569999999999995,0.18847,0.46581999999999996,0.5031800000000001,2015,0.39928,,,,,,,,,,,,,,,,,,,,,,,,,,,,,,,,,,,,
91,Morocco,5.013,0.7347899999999999,0.41691000000000006,0.07172,2015,0.08546000000000001,5.151,0.8405799999999999,0.25645999999999997,0.040530000000000004,2016,0.08404,5.2350001335144,0.8781145811080929,0.408158332109451,0.0322099551558495,2017,0.0877631828188896,5.254,0.779,0.46,0.026000000000000002,2018,0.07400000000000001,5.207999999999999,0.8009999999999999,0.418,0.036000000000000004,2019,0.076,5.094799995,0.75862211,0.772072434,0.040032551,2020,0.8157246109999999,4.918,0.792,0.774,0.034,2021,0.8009999999999999
92,Macedonia,5.007,0.91851,0.33457,0.22359,2015,0.053270000000000005,5.121,1.0193,0.27668000000000004,0.23506999999999997,2016,0.07047,5.175000190734861,1.06457793712616,0.325905978679657,0.25376096367836,2017,0.0602777935564518,5.185,0.9590000000000001,0.39399999999999996,0.17300000000000001,2018,0.052000000000000005,,,,,,,5.1598000530000006,0.935371995,0.738840938,0.18586354,2020,0.8974905009999999,,,,,,
93,Mozambique,4.971,0.08308,0.34037,0.22269,2015,0.15603,,,,,,,4.550000190734861,0.23430564999580397,0.48079109191894503,0.322228103876114,2017,0.17943638563156103,4.417,0.198,0.531,0.20600000000000002,2018,0.158,4.466,0.204,0.494,0.19699999999999998,2019,0.138,4.623600006,0.178741366,0.864451885,0.22042210399999998,2020,0.683019102,4.794,0.183,0.882,0.228,2021,0.684
94,Albania,4.959,0.8786700000000001,0.35733000000000004,0.14272,2015,0.06412999999999999,4.655,0.9553,0.31866,0.1684,2016,0.05301,4.64400005340576,0.996192753314972,0.381498634815216,0.20131294429302202,2017,0.0398642159998417,4.586,0.9159999999999999,0.419,0.149,2018,0.032,4.718999999999999,0.9470000000000001,0.38299999999999995,0.17800000000000002,2019,0.027000000000000003,4.882699966000001,0.906653047,0.7819942240000001,0.171027765,2020,0.896303713,5.117,1.008,0.785,0.168,2021,0.9009999999999999
95,Bosnia and Herzegovina,4.949,0.8322299999999999,0.09245,0.24808000000000002,2015,0.00227,5.162999999999999,0.9338299999999999,0.09511,0.29889,2016,0.0,5.18200016021729,0.982409417629242,0.204403176903725,0.328867495059967,2017,0.0,5.129,0.915,0.28,0.21600000000000003,2018,0.0,5.386,0.945,0.212,0.263,2019,0.006,5.674099922000001,0.91839546,0.651352704,0.264005244,2020,0.933769107,5.813,1.032,0.706,0.261,2021,0.9309999999999999
96,Lesotho,4.898,0.37545,0.31767,0.16388,2015,0.12504,,,,,,,3.80800008773804,0.521021246910095,0.390661299228668,0.157497271895409,2017,0.119094640016556,3.8080000000000003,0.47200000000000003,0.423,0.11599999999999999,2018,0.11199999999999999,3.802,0.489,0.359,0.107,2019,0.09300000000000001,3.6528000830000003,0.45493874,0.738125861,0.10262764199999999,2020,0.857392073,3.512,0.451,0.715,0.10300000000000001,2021,0.915
97,Dominican Republic,4.885,0.8953700000000001,0.57672,0.21684,2015,0.14234000000000002,5.155,1.02787,0.52259,0.21286,2016,0.12372000000000001,5.230000019073491,1.07937383651733,0.55258983373642,0.186967849731445,2017,0.113945253193378,5.3020000000000005,0.982,0.578,0.12,2018,0.106,5.425,1.015,0.49700000000000005,0.113,2019,0.10099999999999999,5.6891999239999995,0.9831918479999999,0.8662027720000001,0.112196781,2020,0.755999923,5.545,1.1059999999999999,0.86,0.10099999999999999,2021,0.7140000000000001
98,Laos,4.876,0.5906600000000001,0.59591,0.42191999999999996,2015,0.24249,4.876,0.68042,0.52168,0.43078999999999995,2016,0.22423,,,,,,,4.623,0.72,0.626,0.23,2018,0.174,4.796,0.764,0.547,0.266,2019,0.16399999999999998,4.888599873,0.714693844,0.907213569,0.27266711,2020,0.634679317,5.03,0.8079999999999999,0.91,0.268,2021,0.6579999999999999
99,Mongolia,4.874,0.82819,0.43626000000000004,0.3323,2015,0.026660000000000003,4.907,0.9885299999999999,0.35972,0.34539000000000003,2016,0.03285,4.95499992370605,1.0272358655929599,0.39414396882057207,0.338464230298996,2017,0.0329022891819477,5.125,0.914,0.395,0.253,2018,0.032,5.285,0.948,0.317,0.235,2019,0.038,5.4562001229999995,0.904872775,0.693351328,0.26388573600000004,2020,0.863511205,5.6770000000000005,0.966,0.708,0.263,2021,0.856
100,Swaziland,4.867,0.71206,0.30658,0.18259,2015,0.0306,,,,,,,,,,,,,,,,,,,4.212,0.8109999999999999,0.313,0.07400000000000001,2019,0.135,4.3081002239999995,0.827539742,0.646822274,0.067264833,2020,0.708263338,4.308,0.8490000000000001,0.647,0.067,2021,0.708
101,Greece,4.857,1.15406,0.07699,0.0,2015,0.013969999999999998,5.033,1.24886,0.05822000000000001,0.0,2016,0.04127,5.2270002365112305,1.28948748111725,0.0957312509417534,0.0,2017,0.043289776891470004,5.358,1.1540000000000001,0.131,0.0,2018,0.044000000000000004,5.287000000000001,1.181,0.067,0.0,2019,0.034,5.514999866,1.128070116,0.5413451189999999,0.0,2020,0.8599314090000001,5.723,1.273,0.5820000000000001,0.0,2021,0.823
102,Lebanon,4.8389999999999995,1.0256399999999999,0.33916,0.21854,2015,0.04582,5.129,1.12268,0.26228,0.23693000000000003,2016,0.030610000000000002,5.22499990463257,1.07498753070831,0.28851598501205394,0.26445075869560203,2017,0.037513829767704,5.358,0.965,0.503,0.214,2018,0.136,5.197,0.987,0.21600000000000003,0.166,2019,0.027000000000000003,4.771500111,0.889232516,0.5513575079999999,0.158524141,2020,0.90225625,4.584,1.045,0.525,0.14,2021,0.898
103,Hungary,4.8,1.12094,0.32111999999999996,0.128,2015,0.02758,5.145,1.24142,0.1977,0.099,2016,0.044719999999999996,5.32399988174438,1.2860119342803997,0.17586351931095098,0.0784016624093056,2017,0.0366369374096394,5.62,1.171,0.259,0.061,2018,0.022000000000000002,5.757999999999999,1.2009999999999998,0.19899999999999998,0.081,2019,0.02,6.000400066,1.1643071170000001,0.718964577,0.070491239,2020,0.892916501,5.992000000000001,1.301,0.755,0.067,2021,0.8759999999999999
104,Honduras,4.788,0.59532,0.40148,0.23026999999999997,2015,0.06825,4.871,0.69429,0.26755,0.2044,2016,0.06906,5.1810002326965305,0.730573117733002,0.348079860210419,0.23618887364864302,2017,0.0733454525470734,5.504,0.62,0.45899999999999996,0.19699999999999998,2018,0.07400000000000001,5.86,0.642,0.507,0.24600000000000002,2019,0.078,5.953199862999999,0.598763585,0.870603263,0.256528199,2020,0.801131904,5.919,0.703,0.857,0.24100000000000002,2021,0.809
105,Tajikistan,4.7860000000000005,0.39047,0.47216,0.22974,2015,0.15072,4.996,0.48835,0.43408,0.25998000000000004,2016,0.13509000000000002,5.04099988937378,0.524713635444641,0.47156670689582797,0.24899764358997303,2017,0.14637714624404902,5.199,0.474,0.292,0.187,2018,0.034,5.4670000000000005,0.493,0.389,0.23,2019,0.14400000000000002,5.555699825,0.474874616,0.831383407,0.182417125,2020,0.5920760629999999,5.466,0.508,0.8320000000000001,0.152,2021,0.5529999999999999
106,Tunisia,4.739,0.88113,0.26268,0.06431,2015,0.06358,5.045,0.97724,0.23553000000000002,0.03936,2016,0.0817,4.80499982833862,1.00726580619812,0.289680689573288,0.0496933571994305,2017,0.0867231488227844,4.592,0.9,0.271,0.04,2018,0.063,4.461,0.9209999999999999,0.16699999999999998,0.059000000000000004,2019,0.055,4.392199993,0.874742687,0.593361557,0.055881143,2020,0.867590249,4.596,0.919,0.6559999999999999,0.057,2021,0.87
107,Palestinian Territories,4.715,0.59867,0.24499,0.11250999999999999,2015,0.12905,4.754,0.67024,0.17744000000000001,0.11154000000000001,2016,0.10613,4.77500009536743,0.716249227523804,0.25471106171608,0.114173173904419,2017,0.0892826020717621,4.743,0.642,0.266,0.086,2018,0.076,4.696000000000001,0.657,0.225,0.10300000000000001,2019,0.066,4.552800179,0.587819219,0.645791829,0.091816261,2020,0.824199975,4.5169999999999995,0.6459999999999999,0.653,0.08199999999999999,2021,0.821
108,Bangladesh,4.694,0.39753,0.4082,0.21222,2015,0.12569,4.643,0.54177,0.39778,0.19132000000000002,2016,0.12583,4.60799980163574,0.586682975292206,0.478356659412384,0.17225535213947304,2017,0.123717859387398,4.5,0.532,0.58,0.153,2018,0.14400000000000002,4.456,0.562,0.527,0.166,2019,0.14300000000000002,4.832799911,0.556156278,0.90062499,0.17674511699999998,2020,0.661843538,5.025,0.635,0.877,0.161,2021,0.682
109,Iran,4.686,1.0088,0.30033000000000004,0.38086,2015,0.058629999999999995,4.813,1.11758,0.22544,0.38538,2016,0.0557,4.69199991226196,1.15687310695648,0.24932260811328896,0.387242913246155,2017,0.048761073499918005,4.707,1.0590000000000002,0.45899999999999996,0.282,2018,0.129,4.548,1.1,0.305,0.27,2019,0.125,4.672399998,1.029322505,0.647873282,0.27697894,2020,0.714635968,4.721,1.03,0.608,0.33,2021,0.7140000000000001
110,Ukraine,4.681,0.79907,0.25123,0.15275,2015,0.02961,4.324,0.87287,0.12859,0.20363,2016,0.01829,4.09600019454956,0.89465194940567,0.12297477573156401,0.270061463117599,2017,0.0230294708162546,4.103,0.7929999999999999,0.163,0.187,2018,0.011000000000000001,4.332,0.82,0.17800000000000002,0.187,2019,0.01,4.56069994,0.780434608,0.663081884,0.17855131600000002,2020,0.920636714,4.875,0.9790000000000001,0.7240000000000001,0.18100000000000002,2021,0.924
111,Iraq,4.677,0.98549,0.0,0.17922000000000002,2015,0.13788,4.575,1.07474,0.24856,0.19589,2016,0.13635999999999998,4.49700021743774,1.1027104854583702,0.288555532693863,0.19963726401329,2017,0.10721575468778599,4.456,1.01,0.304,0.14800000000000002,2018,0.095,4.437,1.043,0.24100000000000002,0.14800000000000002,2019,0.08900000000000001,4.7848000530000006,0.9820187090000001,0.633182645,0.15300206800000002,2020,0.82226181,4.854,0.91,0.63,0.153,2021,0.875
112,South Africa,4.6419999999999995,0.9204899999999999,0.33207,0.11972999999999999,2015,0.08884,4.459,1.02416,0.42483000000000004,0.13656,2016,0.08415,4.8289999961853,1.05469870567322,0.479246735572815,0.13936237990856198,2017,0.0725094974040985,4.724,0.94,0.516,0.10300000000000001,2018,0.055999999999999994,4.7219999999999995,0.96,0.389,0.13,2019,0.055,4.814099789,0.9021404390000001,0.7593300940000001,0.12640684800000002,2020,0.843423843,4.956,0.9670000000000001,0.7490000000000001,0.14400000000000002,2021,0.86
113,Ghana,4.633,0.5455800000000001,0.42341999999999996,0.23087,2015,0.04355,4.276,0.63107,0.40973000000000004,0.21203000000000002,2016,0.0326,4.11999988555908,0.667224824428558,0.423026293516159,0.25692394375801103,2017,0.0253363698720932,4.657,0.5920000000000001,0.499,0.212,2018,0.028999999999999998,4.996,0.611,0.381,0.245,2019,0.04,5.1479997630000005,0.575862467,0.794796526,0.261291206,2020,0.8479647640000001,5.088,0.68,0.807,0.268,2021,0.848
114,Zimbabwe,4.61,0.271,0.25861,0.18987,2015,0.08079,4.1930000000000005,0.35041,0.25429,0.18503,2016,0.08582000000000001,3.875,0.37584653496742204,0.336384207010269,0.189143493771553,2017,0.0953753814101219,3.6919999999999997,0.35700000000000004,0.406,0.132,2018,0.099,3.6630000000000003,0.366,0.361,0.151,2019,0.08900000000000001,3.2992000580000003,0.425564021,0.711457908,0.151349187,2020,0.81023699,3.145,0.457,0.677,0.157,2021,0.821
115,Liberia,4.571000000000001,0.0712,0.28531,0.24361999999999998,2015,0.06232000000000001,3.622,0.10705999999999999,0.25748000000000004,0.24063,2016,0.04852,3.5329999923706095,0.11904179304838199,0.33288118243217496,0.26654988527298,2017,0.0389482490718365,3.495,0.076,0.419,0.20600000000000002,2018,0.03,3.975,0.073,0.37,0.233,2019,0.033,4.557899952,0.174103007,0.735268712,0.22696787100000002,2020,0.8563759329999999,4.625,0.228,0.735,0.221,2021,0.85
116,India,4.565,0.64499,0.39786,0.26475,2015,0.08492000000000001,4.404,0.74036,0.40285,0.25028,2016,0.08722,4.31500005722046,0.7922212481498722,0.469987004995346,0.23153848946094502,2017,0.0922268852591515,4.19,0.721,0.539,0.172,2018,0.09300000000000001,4.015,0.755,0.498,0.2,2019,0.085,3.573299885,0.730576158,0.8814448709999999,0.237072483,2020,0.772042692,3.819,0.741,0.893,0.24600000000000002,2021,0.774
117,Sudan,4.55,0.52107,0.10081,0.19062,2015,0.1466,4.138999999999999,0.63069,0.0,0.18077000000000001,2016,0.10039,4.138999938964839,0.6595166921615601,0.0149958552792668,0.182317450642586,2017,0.089847519993782,4.138999999999999,0.605,0.016,0.134,2018,0.08199999999999999,,,,,,,,,,,,,,,,,,
118,Haiti,4.518,0.26673,0.24425,0.46187,2015,0.17175,4.0280000000000005,0.34097,0.12072000000000001,0.47958,2016,0.14476,3.6029999256133998,0.368610262870789,0.0303698573261499,0.48920378088951094,2017,0.0998721495270729,3.582,0.315,0.025,0.392,2018,0.10400000000000001,3.597,0.32299999999999995,0.026000000000000002,0.419,2019,0.11,3.720799923,0.284734428,0.537825167,0.463909656,2020,0.6847672459999999,3.615,0.294,0.593,0.46299999999999997,2021,0.721
119,Congo (Kinshasa),4.5169999999999995,0.0,0.22605,0.24834,2015,0.07625,4.272,0.05661,0.15602,0.25458000000000003,2016,0.06075,4.2800002098083505,0.0921023488044739,0.235961347818375,0.246455833315849,2017,0.0602413564920425,4.245,0.069,0.312,0.19699999999999998,2018,0.052000000000000005,4.418,0.094,0.26899999999999996,0.212,2019,0.053,4.31099987,0.062487468,0.700793564,0.254324883,2020,0.809403598,,,,,,
120,Nepal,4.513999999999999,0.35996999999999996,0.38282,0.32295999999999997,2015,0.059070000000000004,4.793,0.44626000000000005,0.37012,0.3816,2016,0.07007999999999999,4.961999893188481,0.479820191860199,0.44030594825744607,0.39409616589546204,2017,0.0729755461215973,4.88,0.425,0.526,0.302,2018,0.078,4.913,0.446,0.439,0.285,2019,0.08900000000000001,5.137199879,0.444050372,0.797565043,0.300971806,2020,0.7380991579999999,5.269,0.519,0.782,0.287,2021,0.727
121,Ethiopia,4.512,0.19072999999999998,0.4345,0.24325,2015,0.15048,4.508,0.29283000000000003,0.36703,0.29522,2016,0.1717,4.46000003814697,0.339233845472336,0.408842742443085,0.31265074014663696,2017,0.16545571386814098,4.35,0.308,0.452,0.22,2018,0.146,4.2860000000000005,0.336,0.344,0.209,2019,0.1,4.186200142,0.315125644,0.740795195,0.227698103,2020,0.7536900040000001,4.275,0.37,0.752,0.24100000000000002,2021,0.7609999999999999
122,Sierra Leone,4.507,0.33024000000000003,0.4084,0.21488000000000002,2015,0.08786000000000001,4.635,0.36485,0.30685,0.23897,2016,0.08196,4.70900011062622,0.36842092871666,0.318697690963745,0.293040901422501,2017,0.0710951760411263,4.571000000000001,0.256,0.355,0.23800000000000002,2018,0.053,4.374,0.268,0.309,0.252,2019,0.045,3.926399946,0.24056038300000002,0.715315044,0.257647008,2020,0.861330688,3.8489999999999998,0.27899999999999997,0.7170000000000001,0.243,2021,0.866
123,Mauritania,4.436,0.45407,0.24231999999999998,0.21899999999999997,2015,0.17461,4.2010000000000005,0.6139100000000001,0.1268,0.22685999999999998,2016,0.17955,4.29199981689453,0.6484572887420649,0.0960980430245399,0.201870024204254,2017,0.136957004666328,4.356,0.557,0.129,0.134,2018,0.09300000000000001,4.49,0.57,0.066,0.106,2019,0.08800000000000001,4.374599934,0.539684892,0.551522553,0.128899664,2020,0.746223509,4.227,0.6659999999999999,0.561,0.11900000000000001,2021,0.731
124,Kenya,4.419,0.36471,0.42215,0.37542,2015,0.05839,4.356,0.52267,0.40576,0.41328000000000004,2016,0.06686,4.55299997329712,0.560479462146759,0.45276376605033897,0.444860309362411,2017,0.0646413192152977,4.41,0.493,0.504,0.35200000000000004,2018,0.055,4.5089999999999995,0.512,0.431,0.37200000000000005,2019,0.053,4.583000183,0.47641339899999996,0.829747558,0.39390209299999995,2020,0.831499159,4.607,0.603,0.779,0.375,2021,0.825
125,Djibouti,4.369,0.44025,0.46074,0.18093,2015,0.28105,,,,,,,,,,,,,,,,,,,,,,,,,,,,,,,,,,,,
126,Armenia,4.35,0.7682100000000001,0.19847,0.07855,2015,0.039,4.36,0.8608600000000001,0.14037,0.07793,2016,0.036160000000000005,4.37599992752075,0.900596737861633,0.198303267359734,0.0834880918264389,2017,0.0266744215041399,4.321000000000001,0.816,0.26,0.077,2018,0.027999999999999997,4.559,0.85,0.28300000000000003,0.095,2019,0.064,4.676799774,0.8082624079999999,0.7120178340000001,0.107225738,2020,0.7735447879999999,5.2829999999999995,0.996,0.825,0.079,2021,0.629
127,Botswana,4.332,0.99355,0.49495,0.10461,2015,0.12474,3.9739999999999998,1.09426,0.44088999999999995,0.12425,2016,0.10769000000000001,3.7660000324249303,1.12209415435791,0.505196332931519,0.0993484482169151,2017,0.0985831990838051,3.59,1.0170000000000001,0.557,0.042,2018,0.092,3.488,1.041,0.455,0.025,2019,0.1,3.4788999560000002,0.997548997,0.8213281040000001,0.033407487,2020,0.777930915,3.467,1.099,0.8240000000000001,0.027000000000000003,2021,0.8009999999999999
128,Myanmar,4.3069999999999995,0.27108000000000004,0.44017,0.79588,2015,0.19034,4.395,0.34112,0.42691999999999997,0.81971,2016,0.20243,4.54500007629395,0.36711055040359497,0.514492034912109,0.8380751609802249,2017,0.188816204667091,4.308,0.682,0.58,0.598,2018,0.17800000000000002,4.36,0.71,0.525,0.5660000000000001,2019,0.172,4.308000088,0.67809093,0.895075202,0.569813728,2020,0.645124316,4.426,0.6659999999999999,0.8759999999999999,0.52,2021,0.66
129,Georgia,4.297,0.7419,0.40576999999999996,0.055470000000000005,2015,0.38331,4.252,0.8379200000000001,0.32461,0.06786,2016,0.3188,4.28599977493286,0.950612664222717,0.309410035610199,0.0540088154375553,2017,0.25166663527488703,4.34,0.853,0.375,0.038,2018,0.215,4.519,0.8859999999999999,0.34600000000000003,0.043,2019,0.16399999999999998,4.672599792,0.847198069,0.8016415240000001,0.047609735,2020,0.665944695,4.891,1.03,0.7829999999999999,0.032,2021,0.655
130,Malawi,4.292,0.016040000000000002,0.43054,0.33128,2015,0.06977,4.156000000000001,0.08709,0.4143,0.30968,2016,0.07564,3.97000002861023,0.233442038297653,0.466914653778076,0.28717046976089505,2017,0.0727116540074348,3.5869999999999997,0.18600000000000003,0.531,0.21,2018,0.08,3.41,0.191,0.44299999999999995,0.218,2019,0.08900000000000001,3.538000107,0.176534727,0.803223193,0.21318505699999998,2020,0.731700778,3.6,0.113,0.78,0.213,2021,0.7290000000000001
131,Sri Lanka,4.271,0.83524,0.5372600000000001,0.40828000000000003,2015,0.09179,4.415,0.9731799999999999,0.50817,0.46978000000000003,2016,0.07964,4.44000005722046,1.00985014438629,0.561213254928589,0.49086356163024897,2017,0.0736539661884308,4.471,0.9179999999999999,0.585,0.307,2018,0.05,4.3660000000000005,0.9490000000000001,0.47,0.244,2019,0.047,4.327000141,0.897986948,0.837633669,0.25266614600000004,2020,0.859001756,4.325,0.99,0.841,0.239,2021,0.863
132,Cameroon,4.252,0.4225,0.49309,0.20618000000000003,2015,0.05786,4.513,0.5249699999999999,0.42736,0.2268,2016,0.06126,4.69500017166138,0.564305365085602,0.430388748645782,0.23629845678806302,2017,0.0513066314160824,4.975,0.535,0.45399999999999996,0.183,2018,0.043,5.044,0.5489999999999999,0.381,0.187,2019,0.037000000000000005,5.084899902,0.503958046,0.7630518079999999,0.198020101,2020,0.8513365979999999,5.142,0.5429999999999999,0.731,0.205,2021,0.848
133,Bulgaria,4.218,1.01216,0.30587,0.11921,2015,0.00872,4.217,1.11306,0.21219000000000002,0.12793,2016,0.00615,4.71400022506714,1.1614590883255,0.28923171758651695,0.113177694380283,2017,0.0110515309497714,4.933,1.054,0.359,0.064,2018,0.009000000000000001,5.011,1.092,0.311,0.081,2019,0.004,5.101500034,1.046554685,0.745178163,0.10383371300000001,2020,0.9355851409999999,5.266,1.181,0.7879999999999999,0.125,2021,0.932
134,Egypt,4.194,0.8818,0.17288,0.11291,2015,0.06324,4.362,0.95395,0.18847,0.12705999999999998,2016,0.10393,4.7350001335144,0.989701807498932,0.28211015462875394,0.128631442785263,2017,0.114381365478039,4.419,0.885,0.312,0.092,2018,0.107,4.166,0.9129999999999999,0.24100000000000002,0.076,2019,0.067,4.151400089,0.8752289409999999,0.708354175,0.068801254,2020,0.787726879,4.283,0.9540000000000001,0.7490000000000001,0.069,2021,0.795
135,Yemen,4.077,0.5464899999999999,0.35570999999999997,0.09131,2015,0.07854,3.7239999999999998,0.57939,0.2287,0.09821,2016,0.05892000000000001,3.59299993515015,0.5916834473609921,0.24946372210979503,0.104125209152699,2017,0.0567674227058887,3.355,0.442,0.244,0.083,2018,0.064,3.38,0.287,0.14300000000000002,0.10800000000000001,2019,0.077,3.5274000169999997,0.392701775,0.599920273,0.09468901199999999,2020,0.800287724,3.658,0.32899999999999996,0.602,0.092,2021,0.8
136,Angola,4.033,0.75778,0.10384000000000002,0.12344000000000001,2015,0.07122,3.866,0.84731,0.00589,0.12070999999999998,2016,0.08434,3.79500007629395,0.8584281802177429,0.0,0.09792649000883098,2017,0.0697203353047371,3.795,0.73,0.0,0.079,2018,0.061,,,,,,,,,,,,,,,,,,
137,Mali,3.995,0.26074,0.38856999999999997,0.18798,2015,0.12352,4.073,0.31292,0.27544,0.21064000000000002,2016,0.13647,4.19000005722046,0.476180493831635,0.306613743305206,0.183354198932648,2017,0.10497024655342098,4.447,0.37,0.36700000000000005,0.139,2018,0.055999999999999994,4.39,0.385,0.327,0.153,2019,0.052000000000000005,4.729300021999999,0.35246264899999996,0.71156615,0.16966705,2020,0.839328408,4.723,0.387,0.6970000000000001,0.16399999999999998,2021,0.8270000000000001
138,Congo (Brazzaville),3.989,0.67866,0.41466000000000003,0.12387999999999999,2015,0.11685999999999999,4.236000000000001,0.7710899999999999,0.37938,0.12077,2016,0.09752999999999999,4.29099988937378,0.8089642524719242,0.4350258708000179,0.12085212767124198,2017,0.0796181336045265,4.559,0.682,0.514,0.091,2018,0.077,4.812,0.6729999999999999,0.37200000000000005,0.105,2019,0.09300000000000001,5.1943998339999995,0.633616745,0.7190585140000001,0.11721601300000001,2020,0.7517790790000001,5.3420000000000005,0.518,0.695,0.14400000000000002,2021,0.745
139,Comoros,3.9560000000000004,0.23906,0.22916999999999998,0.17440999999999998,2015,0.19899999999999998,3.9560000000000004,0.27509,0.15412,0.1827,2016,0.18437,,,,,,,,,,,,,3.9730000000000003,0.27399999999999997,0.142,0.275,2019,0.078,4.288599968,0.41562077399999997,0.547612607,0.258538276,2020,0.780622602,4.289,0.488,0.5479999999999999,0.24100000000000002,2021,0.7809999999999999
140,Uganda,3.931,0.21101999999999999,0.45726999999999995,0.29066,2015,0.07267,3.739,0.34719,0.43653000000000003,0.27102,2016,0.06442,4.08099985122681,0.381430715322495,0.443185955286026,0.32576605677604703,2017,0.057069718837738,4.1610000000000005,0.322,0.45,0.259,2018,0.061,4.189,0.332,0.35600000000000004,0.252,2019,0.06,4.43200016,0.31233742800000003,0.7317139509999999,0.264807373,2020,0.8367378120000001,4.636,0.364,0.7090000000000001,0.267,2021,0.855
141,Senegal,3.904,0.36498,0.36772,0.20843000000000003,2015,0.10712999999999999,4.218999999999999,0.44314,0.31056,0.19103,2016,0.11681,4.53499984741211,0.479309022426605,0.37792226672172496,0.183468893170357,2017,0.11546044796705199,4.631,0.429,0.406,0.138,2018,0.08199999999999999,4.681,0.45,0.292,0.153,2019,0.07200000000000001,4.980800152,0.5040618179999999,0.6905961629999999,0.164397135,2020,0.808785141,5.132000000000001,0.518,0.695,0.158,2021,0.8009999999999999
142,Gabon,3.8960000000000004,1.06024,0.31914000000000003,0.06822,2015,0.11091,4.121,1.15851,0.28098,0.062439999999999996,2016,0.09314,4.46500015258789,1.1982102394104,0.31232857704162603,0.0437853783369064,2017,0.0760467872023582,4.758,1.036,0.35600000000000004,0.032,2018,0.052000000000000005,4.7989999999999995,1.057,0.295,0.043,2019,0.055,4.829299927,0.9880443809999999,0.7048292159999999,0.052013602,2020,0.8491509559999999,4.852,1.037,0.731,0.057999999999999996,2021,0.84
143,Niger,3.845,0.0694,0.47691999999999996,0.19387000000000001,2015,0.15639,3.8560000000000003,0.1327,0.38040999999999997,0.2097,2016,0.17176,4.02799987792969,0.16192533075809498,0.36365869641304,0.22867384552955602,2017,0.13857294619083402,4.166,0.131,0.39,0.175,2018,0.099,4.628,0.138,0.318,0.188,2019,0.102,4.909599781,0.10833033199999999,0.759772122,0.20817689600000003,2020,0.722530186,5.074,0.162,0.8059999999999999,0.2,2021,0.693
144,Cambodia,3.819,0.46038,0.66246,0.40359,2015,0.07247,3.907,0.55604,0.5885199999999999,0.40339,2016,0.08092,4.1680002212524405,0.6017650961875921,0.633375823497772,0.385922968387604,2017,0.0681059509515762,4.433,0.5489999999999999,0.696,0.256,2018,0.065,4.7,0.574,0.609,0.23199999999999998,2019,0.062,4.8484001160000005,0.544634938,0.9597046379999999,0.233342081,2020,0.8227690459999999,4.83,0.603,0.9590000000000001,0.21,2021,0.843
145,Tanzania,3.781,0.2852,0.32878,0.34376999999999996,2015,0.05747000000000001,3.6660000000000004,0.47155,0.3176,0.31472,2016,0.05099,3.34899997711182,0.511135876178741,0.390017777681351,0.354256361722946,2017,0.0660351067781448,3.303,0.455,0.48100000000000004,0.27,2018,0.09699999999999999,3.2310000000000003,0.47600000000000003,0.41700000000000004,0.276,2019,0.147,3.4762001039999997,0.457163125,0.82153976,0.27154091,2020,0.619799435,3.623,0.433,0.833,0.307,2021,0.5770000000000001
146,Madagascar,3.681,0.20824,0.19184,0.21333000000000002,2015,0.08123999999999999,3.695,0.27954,0.13684000000000002,0.2204,2016,0.07506,3.64400005340576,0.305808693170547,0.18919676542282102,0.208732530474663,2017,0.0672319754958153,3.7739999999999996,0.262,0.221,0.155,2018,0.049,3.9330000000000003,0.27399999999999997,0.14800000000000002,0.16899999999999998,2019,0.040999999999999995,4.165599823,0.244553208,0.5575740929999999,0.191190064,2020,0.8174856309999999,4.208,0.266,0.552,0.185,2021,0.8029999999999999
147,Central African Republic,3.678,0.0785,0.48878999999999995,0.23835,2015,0.08288999999999999,,,,,,,2.69300007820129,0.0,0.270842045545578,0.280876487493515,2017,0.0565650761127472,3.083,0.024,0.305,0.218,2018,0.038,3.083,0.026000000000000002,0.225,0.235,2019,0.035,3.475899935,0.041072082,0.640880644,0.253513217,2020,0.891806662,,,,,,
148,Chad,3.667,0.34193,0.23501,0.18386,2015,0.05269,3.763,0.42213999999999996,0.12807000000000002,0.18667,2016,0.04952,3.9360001087188703,0.43801298737525896,0.16234202682972002,0.21611385047435802,2017,0.0535818822681904,4.301,0.358,0.18899999999999997,0.18100000000000002,2018,0.06,4.35,0.35,0.174,0.198,2019,0.078,4.422699928,0.30228748899999996,0.587305248,0.210805088,2020,0.8027608390000001,4.355,0.255,0.579,0.215,2021,0.807
149,Guinea,3.656,0.17417,0.37725,0.28657,2015,0.12139000000000001,3.6069999999999998,0.22415,0.30953,0.29914,2016,0.1192,3.50699996948242,0.24454993009567302,0.348587512969971,0.264815092086792,2017,0.110937617719173,3.964,0.344,0.39399999999999996,0.185,2018,0.094,4.534,0.38,0.332,0.207,2019,0.086,4.949299812,0.390007734,0.7068467740000001,0.249490842,2020,0.761794448,4.984,0.42,0.6970000000000001,0.25,2021,0.7659999999999999
150,Ivory Coast,3.655,0.46534,0.46866,0.20165,2015,0.17922000000000002,3.9160000000000004,0.55507,0.40663,0.20338,2016,0.1553,4.17999982833862,0.6030489206314089,0.4477061927318571,0.201237469911575,2017,0.130061775445938,4.671,0.541,0.467,0.146,2018,0.10300000000000001,4.944,0.569,0.35200000000000004,0.154,2019,0.09,5.233300208999999,0.537094414,0.727909327,0.16991558699999998,2020,0.7907719609999999,5.306,0.669,0.741,0.177,2021,0.794
151,Burkina Faso,3.5869999999999997,0.25811999999999996,0.39493,0.21746999999999997,2015,0.12832000000000002,3.739,0.31995,0.3337,0.24353000000000002,2016,0.12533,4.03200006484985,0.35022771358490007,0.32436785101890603,0.250864684581757,2017,0.12032810598611803,4.4239999999999995,0.314,0.312,0.175,2018,0.128,4.587,0.331,0.255,0.177,2019,0.113,4.768700123,0.302467644,0.665563583,0.18639060899999998,2020,0.739795029,4.834,0.364,0.695,0.182,2021,0.748
152,Afghanistan,3.575,0.31982,0.23414000000000001,0.3651,2015,0.09719,3.36,0.38227,0.1643,0.31268,2016,0.07112,3.7939999103546103,0.401477217674255,0.106179520487785,0.311870932579041,2017,0.0611578300595284,3.6319999999999997,0.332,0.085,0.191,2018,0.036000000000000004,3.2030000000000003,0.35,0.0,0.158,2019,0.025,2.566900015,0.30070585,0.39657300700000003,0.135234714,2020,0.9336865540000001,2.523,0.37,0.382,0.122,2021,0.924
153,Rwanda,3.465,0.22208000000000003,0.59201,0.22628,2015,0.55191,3.515,0.32846,0.5432,0.23551999999999998,2016,0.50521,3.47099995613098,0.368745893239975,0.5818438529968261,0.25275602936744695,2017,0.455220013856888,3.408,0.332,0.636,0.2,2018,0.444,3.3339999999999996,0.359,0.555,0.217,2019,0.41100000000000003,3.312299967,0.343242675,0.9005894059999999,0.235704988,2020,0.183541179,3.415,0.364,0.897,0.22699999999999998,2021,0.16699999999999998
154,Benin,3.34,0.28665,0.4845,0.1826,2015,0.0801,3.484,0.39499,0.39747,0.2018,2016,0.06681000000000001,3.65700006484985,0.43108540773391707,0.42596277594566295,0.207948461174965,2017,0.0609290152788162,4.141,0.37799999999999995,0.44,0.163,2018,0.067,4.883,0.39299999999999996,0.349,0.175,2019,0.08199999999999999,5.21600008,0.366244704,0.735182583,0.196670428,2020,0.7405325770000001,5.045,0.507,0.757,0.166,2021,0.6609999999999999
155,Syria,3.0060000000000002,0.6632,0.15684,0.47179,2015,0.18905999999999998,3.069,0.7471899999999999,0.06912,0.48396999999999996,2016,0.17232999999999998,3.46199989318848,0.777153134346008,0.0815394446253777,0.49366372823715204,2017,0.15134713053703303,3.4619999999999997,0.6890000000000001,0.08800000000000001,0.376,2018,0.14400000000000002,3.4619999999999997,0.619,0.013000000000000001,0.331,2019,0.141,,,,,,,,,,,,
156,Burundi,2.905,0.0153,0.1185,0.19727,2015,0.10062,2.905,0.06831,0.0432,0.2029,2016,0.09419,2.90499997138977,0.09162256866693501,0.0599007532000542,0.20443518459796897,2017,0.0841479450464249,2.905,0.091,0.065,0.149,2018,0.076,3.775,0.046,0.22,0.17600000000000002,2019,0.18,3.775300026,0.0,0.626350224,0.18740178600000001,2020,0.606934547,3.775,0.0,0.626,0.172,2021,0.607
157,Togo,2.839,0.20868,0.36453,0.16680999999999999,2015,0.10730999999999999,3.303,0.28123000000000004,0.34678000000000003,0.17517,2016,0.11587,3.4949998855590803,0.30544471740722695,0.38042613863945,0.19689615070819896,2017,0.0956650152802467,3.9989999999999997,0.259,0.434,0.158,2018,0.10099999999999999,4.085,0.275,0.293,0.177,2019,0.085,4.187200069,0.268116266,0.6498286129999999,0.200774252,2020,0.7577334640000001,4.107,0.254,0.619,0.209,2021,0.772
158,Puerto Rico,,,,,,,7.039,1.35943,0.46823000000000004,0.22202,2016,0.12275,,,,,,,,,,,,,,,,,,,,,,,,,,,,,,
159,Belize,,,,,,,5.956,0.87616,0.51231,0.23684000000000002,2016,0.10770999999999999,5.955999851226809,0.907975316047668,0.5475093722343439,0.24001564085483604,2017,0.0965810716152191,5.956,0.807,0.593,0.183,2018,0.08900000000000001,,,,,,,,,,,,,,,,,,
160,Somalia,,,,,,,5.44,0.0,0.5677800000000001,0.27225,2016,0.3118,5.151000022888179,0.0226431842893362,0.602126955986023,0.291631311178207,2017,0.28241032361984303,4.982,0.0,0.674,0.23800000000000002,2018,0.282,4.668,0.0,0.5589999999999999,0.243,2019,0.27,,,,,,,,,,,,
161,Somaliland Region,,,,,,,5.0569999999999995,0.25558000000000003,0.3913,0.51479,2016,0.36794,,,,,,,,,,,,,,,,,,,,,,,,,,,,,,
162,Namibia,,,,,,,4.574,0.9328700000000001,0.48613999999999996,0.07795,2016,0.10397999999999999,4.57399988174438,0.964434325695038,0.520303547382355,0.0771337449550629,2017,0.0931469723582268,4.441,0.8740000000000001,0.519,0.051,2018,0.064,4.638999999999999,0.879,0.401,0.07,2019,0.055999999999999994,4.571100235,0.84008199,0.767520964,0.076454483,2020,0.8514497879999999,4.574,0.882,0.7190000000000001,0.091,2021,0.847
163,South Sudan,,,,,,,3.832,0.39394,0.19662000000000002,0.25899,2016,0.13015,3.5910000801086404,0.39724862575531,0.147062435746193,0.285670816898346,2017,0.116793513298035,3.2539999999999996,0.337,0.11199999999999999,0.22399999999999998,2018,0.106,2.853,0.306,0.01,0.20199999999999999,2019,0.091,2.8166000839999996,0.289082974,0.451313615,0.209934607,2020,0.7634173040000001,,,,,,
164,Taiwan Province of China,,,,,,,,,,,,,6.42199993133545,1.4336265325546298,0.361466586589813,0.258360475301743,2017,0.0638292357325554,,,,,,,,,,,,,6.45539999,1.3274705409999998,0.77153033,0.150598705,2020,0.73188293,6.584,1.48,0.784,0.142,2021,0.721
165,"Hong Kong S.A.R., China",,,,,,,,,,,,,5.47200012207031,1.55167484283447,0.490968644618988,0.374465793371201,2017,0.29393374919891396,,,,,,,,,,,,,,,,,,,,,,,,
166,Trinidad & Tobago,,,,,,,,,,,,,,,,,,,6.192,1.2229999999999999,0.575,0.171,2018,0.019,6.192,1.2309999999999999,0.489,0.185,2019,0.016,,,,,,,,,,,,
167,Northern Cyprus,,,,,,,,,,,,,,,,,,,5.835,1.229,0.495,0.179,2018,0.154,5.718,1.263,0.41700000000000004,0.191,2019,0.162,,,,,,,,,,,,
168,North Macedonia,,,,,,,,,,,,,,,,,,,,,,,,,5.274,0.983,0.345,0.185,2019,0.034,,,,,,,5.101,1.068,0.7509999999999999,0.212,2021,0.905
169,Gambia,,,,,,,,,,,,,,,,,,,,,,,,,4.516,0.308,0.382,0.26899999999999996,2019,0.16699999999999998,4.750599861,0.256990552,0.733163178,0.425989687,2020,0.6907178159999999,5.051,0.36700000000000005,0.6970000000000001,0.465,2021,0.746
170,Hong Kong S.A.R. of China,,,,,,,,,,,,,,,,,,,,,,,,,,,,,,,5.510399818,1.3767460580000002,0.7798337940000001,0.288280904,2020,0.420607209,5.477,1.525,0.7170000000000001,0.23199999999999998,2021,0.40299999999999997
171,Maldives,,,,,,,,,,,,,,,,,,,,,,,,,,,,,,,5.197599888,0.9378643040000001,0.8539627790000001,0.224198252,2020,0.824211061,5.1979999999999995,1.115,0.8540000000000001,0.204,2021,0.825
