,Country,Happiness Score_x,GDP_x,Generosity_x,Year_x,Happiness Score_y,GDP_y,Generosity_y,Year_y,Happiness Score_x,GDP_x,Generosity_x,Year_x,Happiness Score_y,GDP_y,Generosity_y,Year_y,Happiness Score_x,GDP_x,Generosity_x,Year_x,Happiness Score_y,GDP_y,Generosity_y,Year_y,Happiness Score,GDP,Generosity,Year
0,Switzerland,7.587000000000001,1.3965100000000001,0.29678000000000004,2015,7.5089999999999995,1.5273299999999999,0.28083,2016,7.49399995803833,1.5649795532226598,0.29054927825927696,2017,7.487,1.42,0.256,2018,7.48,1.452,0.263,2019,7.559899807000001,1.39077425,0.269055754,2020,7.571000000000001,1.5659999999999998,0.204,2021
1,Iceland,7.561,1.3023200000000001,0.4363,2015,7.501,1.42666,0.47678000000000004,2016,7.50400018692017,1.480633020401,0.47554022073745705,2017,7.495,1.3430000000000002,0.353,2018,7.494,1.38,0.354,2019,7.504499912000001,1.326501608,0.362330228,2020,7.553999999999999,1.482,0.293,2021
2,Denmark,7.527,1.32548,0.34139,2015,7.526,1.4417799999999998,0.36171,2016,7.52199983596802,1.48238301277161,0.3552804887294771,2017,7.555,1.351,0.284,2018,7.6,1.383,0.252,2019,7.645599842,1.326948524,0.24279339600000002,2020,7.62,1.5019999999999998,0.20800000000000002,2021
3,Norway,7.522,1.459,0.34699,2015,7.497999999999999,1.57744,0.37895,2016,7.537000179290769,1.6164631843566901,0.36201223731041,2017,7.593999999999999,1.456,0.28600000000000003,2018,7.553999999999999,1.4880000000000002,0.271,2019,7.487999916000001,1.42420733,0.287985086,2020,7.392,1.5430000000000001,0.249,2021
4,Canada,7.4270000000000005,1.32629,0.45811,2015,7.404,1.44015,0.44833999999999996,2016,7.31599998474121,1.47920441627502,0.435539722442627,2017,7.327999999999999,1.33,0.321,2018,7.278,1.365,0.285,2019,7.23210001,1.301647663,0.28152892,2020,7.103,1.4469999999999998,0.24600000000000002,2021
5,Finland,7.406000000000001,1.29025,0.23351,2015,7.412999999999999,1.40598,0.25492,2016,7.468999862670901,1.44357192516327,0.24548277258873,2017,7.632000000000001,1.305,0.20199999999999999,2018,7.769,1.34,0.153,2019,7.808700085,1.285189509,0.159670442,2020,7.8420000000000005,1.446,0.124,2021
6,Netherlands,7.377999999999999,1.32944,0.4761,2015,7.3389999999999995,1.46468,0.47416,2016,7.3769998550415,1.50394463539124,0.47048982977867104,2017,7.441,1.361,0.33299999999999996,2018,7.4879999999999995,1.396,0.322,2019,7.448900223,1.338946342,0.336317569,2020,7.4639999999999995,1.501,0.302,2021
7,Sweden,7.364,1.33171,0.36262,2015,7.291,1.45181,0.38254,2016,7.28399991989136,1.49438726902008,0.38539925217628496,2017,7.314,1.355,0.285,2018,7.343,1.3869999999999998,0.267,2019,7.353499889,1.322235227,0.272827893,2020,7.3629999999999995,1.4780000000000002,0.244,2021
8,New Zealand,7.2860000000000005,1.2501799999999998,0.47501000000000004,2015,7.334,1.36066,0.49401000000000006,2016,7.31400012969971,1.40570604801178,0.500005125999451,2017,7.324,1.268,0.365,2018,7.307,1.3030000000000002,0.33,2019,7.2996001239999995,1.242317915,0.325726211,2020,7.277,1.4,0.276,2021
9,Australia,7.284,1.33358,0.43562,2015,7.313,1.4444299999999999,0.47407,2016,7.28399991989136,1.4844149351120002,0.47769924998283403,2017,7.272,1.34,0.361,2018,7.228,1.3719999999999999,0.332,2019,7.222799778,1.310396433,0.324973613,2020,7.183,1.453,0.29100000000000004,2021
10,Israel,7.278,1.2285700000000002,0.33171999999999996,2015,7.267,1.33766,0.32288,2016,7.212999820709231,1.3753824234008798,0.330082654953003,2017,6.814,1.301,0.354,2018,7.138999999999999,1.276,0.261,2019,7.128600121,1.216463685,0.26686179600000004,2020,7.157,1.376,0.20800000000000002,2021
11,Costa Rica,7.226,0.95578,0.25497,2015,7.087000000000001,1.06879,0.22553,2016,7.0789999961853,1.10970628261566,0.21461322903633104,2017,7.072,1.01,0.14300000000000002,2018,7.167000000000001,1.034,0.14400000000000002,2019,7.121399879,0.981107712,0.131266311,2020,7.069,1.1340000000000001,0.105,2021
12,Austria,7.2,1.33723,0.33088,2015,7.119,1.45038,0.32865,2016,7.00600004196167,1.4870972633361799,0.316472321748734,2017,7.138999999999999,1.341,0.242,2018,7.246,1.376,0.244,2019,7.294199944,1.317285538,0.255509764,2020,7.268,1.492,0.215,2021
13,Mexico,7.187,1.02054,0.14074,2015,6.778,1.1150799999999998,0.11735,2016,6.57800006866455,1.1531838178634601,0.12099043279886199,2017,6.4879999999999995,1.038,0.069,2018,6.595,1.07,0.07400000000000001,2019,6.465000152999999,1.024387479,0.083094485,2020,6.317,1.126,0.092,2021
14,United States,7.119,1.3945100000000001,0.40105,2015,7.104,1.50796,0.41076999999999997,2016,6.993000030517581,1.54625928401947,0.392578780651093,2017,6.886,1.3980000000000001,0.29100000000000004,2018,6.892,1.433,0.28,2019,6.939599991000001,1.37398684,0.298143059,2020,6.9510000000000005,1.5330000000000001,0.252,2021
15,Brazil,6.983,0.98124,0.14574,2015,6.952000000000001,1.08754,0.15775999999999998,2016,6.6350002288818395,1.1073532104492199,0.16234989464282998,2017,6.419,0.986,0.11,2018,6.3,1.004,0.099,2019,6.375599861,0.952679873,0.131674588,2020,6.33,1.028,0.142,2021
16,Luxembourg,6.946000000000001,1.5639100000000001,0.28034000000000003,2015,6.871,1.6975200000000001,0.27571,2016,6.86299991607666,1.74194359779358,0.283180981874466,2017,6.91,1.5759999999999998,0.196,2018,7.09,1.609,0.19399999999999998,2019,7.2375001910000005,1.536676049,0.19595392,2020,7.324,1.751,0.166,2021
17,Ireland,6.94,1.33596,0.45901000000000003,2015,6.907,1.4834100000000001,0.44963000000000003,2016,6.9770002365112305,1.5357066392898602,0.42785832285881,2017,6.977,1.4480000000000002,0.307,2018,7.021,1.499,0.298,2019,7.093699932000001,1.446886778,0.295426995,2020,7.085,1.6440000000000001,0.23800000000000002,2021
18,Belgium,6.937,1.30782,0.2225,2015,6.928999999999999,1.42539,0.2424,2016,6.89099979400635,1.4637807607650801,0.23150333762168898,2017,6.9270000000000005,1.324,0.188,2018,6.922999999999999,1.3559999999999999,0.16,2019,6.863500117999999,1.2958427670000001,0.146966159,2020,6.834,1.463,0.08800000000000001,2021
19,United Arab Emirates,6.901,1.42727,0.26428,2015,6.5729999999999995,1.57352,0.26591,2016,6.6479997634887695,1.6263433694839498,0.3609419465065,2017,6.774,2.096,0.18600000000000003,2018,6.825,1.5030000000000001,0.262,2019,6.790800095,1.4310864209999998,0.28065598,2020,6.561,1.555,0.23600000000000002,2021
20,United Kingdom,6.867000000000001,1.26637,0.51912,2015,6.725,1.40283,0.50156,2016,6.71400022506714,1.44163393974304,0.492774158716202,2017,7.19,1.244,0.262,2018,7.053999999999999,1.3330000000000002,0.348,2019,7.164500237,1.273061037,0.37343344100000003,2020,7.064,1.423,0.34,2021
21,Oman,6.853,1.36011,0.21541999999999997,2015,,,,,,,,,,,,,,,,,,,,,,,,
22,Venezuela,6.81,1.04424,0.058410000000000004,2015,6.084,1.1336700000000002,0.0425,2016,5.25,1.12843120098114,0.0650196298956871,2017,4.806,0.996,0.055999999999999994,2018,4.707,0.96,0.064,2019,5.053199768,0.7702386379999999,0.08717915400000001,2020,4.8919999999999995,0.852,0.078,2021
23,Singapore,6.797999999999999,1.52186,0.31105,2015,6.739,1.64555,0.32706,2016,6.57200002670288,1.69227766990662,0.345965981483459,2017,6.343,1.5290000000000001,0.261,2018,6.2620000000000005,1.5719999999999998,0.271,2019,6.377099991000001,1.519580126,0.21877090600000001,2020,6.377000000000001,1.695,0.17600000000000002,2021
24,Panama,6.7860000000000005,1.0635299999999999,0.24434,2015,6.7010000000000005,1.18306,0.2418,2016,6.4520001411438,1.23374843597412,0.21055693924427,2017,6.43,1.112,0.125,2018,6.321000000000001,1.149,0.109,2019,6.304800033999999,1.097667813,0.097207308,2020,6.18,1.298,0.079,2021
25,Germany,6.75,1.32792,0.28214,2015,6.994,1.44787,0.30451999999999996,2016,6.9510002136230495,1.48792338371277,0.33626917004585305,2017,6.965,1.34,0.273,2018,6.985,1.3730000000000002,0.261,2019,7.075799942000001,1.314184546,0.252037704,2020,7.155,1.48,0.195,2021
26,Chile,6.67,1.10715,0.33363000000000004,2015,6.705,1.2167,0.31595,2016,6.65199995040894,1.25278460979462,0.3266624212265011,2017,6.476,1.131,0.19699999999999998,2018,6.444,1.159,0.187,2019,6.228499889,1.096992493,0.155579001,2020,6.172000000000001,1.2,0.159,2021
27,Qatar,6.611000000000001,1.69042,0.32573,2015,6.375,1.82427,0.32388,2016,6.375,1.8707656860351598,0.33047387003898604,2017,6.374,1.649,0.256,2018,6.374,1.6840000000000002,0.22,2019,,,,,,,,
28,France,6.575,1.27778,0.12332,2015,6.478,1.39488,0.1216,2016,6.44199991226196,1.43092346191406,0.129762306809425,2017,6.489,1.2930000000000001,0.098,2018,6.5920000000000005,1.324,0.111,2019,6.663799762999999,1.268129349,0.112607703,2020,6.69,1.421,0.092,2021
29,Argentina,6.574,1.05351,0.11450999999999999,2015,6.65,1.15137,0.10989000000000002,2016,6.59899997711182,1.18529546260834,0.109457060694695,2017,6.388,1.073,0.062,2018,6.086,1.092,0.066,2019,5.974699974,1.028465629,0.070100471,2020,5.928999999999999,1.162,0.069,2021
30,Czech Republic,6.505,1.17898,0.10686,2015,6.596,1.30915,0.09929,2016,6.60900020599365,1.35268235206604,0.0881067588925362,2017,6.711,1.2329999999999999,0.064,2018,6.852,1.2690000000000001,0.046,2019,6.9109001160000005,1.212322354,0.046325929,2020,6.965,1.37,0.052000000000000005,2021
31,Uruguay,6.485,1.06166,0.2324,2015,6.545,1.18157,0.18056,2016,6.4539999961853,1.2175596952438401,0.175096929073334,2017,6.379,1.093,0.13,2018,6.292999999999999,1.124,0.127,2019,6.440100192999999,1.071000457,0.132143691,2020,6.431,1.1640000000000001,0.128,2021
32,Colombia,6.477,0.91861,0.18400999999999998,2015,6.481,1.0303200000000001,0.15625999999999998,2016,6.35699987411499,1.07062232494354,0.14901447296142598,2017,6.26,0.96,0.099,2018,6.125,0.985,0.099,2019,6.163400172999999,0.93220371,0.092374094,2020,6.0120000000000005,1.021,0.1,2021
33,Thailand,6.455,0.9669,0.5763,2015,6.474,1.0893,0.58696,2016,6.4239997863769505,1.12786877155304,0.572123110294342,2017,6.072,1.016,0.364,2018,6.007999999999999,1.05,0.359,2019,5.9987998010000005,1.007029295,0.376709014,2020,5.985,1.107,0.375,2021
34,Saudi Arabia,6.4110000000000005,1.39541,0.13706,2015,6.379,1.48953,0.15457,2016,6.343999862670901,1.53062355518341,0.147616013884544,2017,6.371,1.379,0.098,2018,6.375,1.403,0.08,2019,6.406499863,1.334328532,0.087440684,2020,6.494,1.435,0.09,2021
35,Spain,6.329,1.23011,0.18227000000000002,2015,6.361000000000001,1.34253,0.17665,2016,6.40299987792969,1.38439786434174,0.190133571624756,2017,6.31,1.251,0.142,2018,6.354,1.286,0.153,2019,6.4008998870000005,1.230535269,0.16530548,2020,6.4910000000000005,1.375,0.135,2021
36,Malta,6.3020000000000005,1.2074,0.51752,2015,6.4879999999999995,1.30782,0.56237,2016,6.52699995040894,1.34327983856201,0.5747305750846861,2017,6.627000000000001,1.27,0.376,2018,6.726,1.3,0.375,2019,6.772799968999999,1.2525132890000001,0.341180831,2020,6.602,1.411,0.275,2021
37,Taiwan,6.297999999999999,1.29098,0.25376,2015,6.379,1.39729,0.25495,2016,,,,,6.441,1.365,0.151,2018,6.446000000000001,1.368,0.242,2019,,,,,,,,
38,Kuwait,6.295,1.5542200000000002,0.16228,2015,6.239,1.61714,0.15965,2016,6.10500001907349,1.63295245170593,0.228289797902107,2017,6.082999999999999,1.474,0.16699999999999998,2018,6.021,1.5,0.142,2019,6.102099895,1.424833655,0.132751092,2020,6.106,1.4609999999999999,0.12,2021
39,Suriname,6.269,0.99534,0.16990999999999998,2015,6.269,1.09686,0.16665,2016,,,,,,,,,,,,,,,,,,,,
40,Trinidad and Tobago,6.167999999999999,1.21183,0.31844,2015,6.167999999999999,1.32572,0.31935,2016,6.1680002212524405,1.36135590076447,0.32529646158218395,2017,,,,,,,,,6.1918997760000005,1.167641521,0.199358255,2020,,,,
41,El Salvador,6.13,0.76454,0.10692,2015,6.068,0.8737,0.08877,2016,6.002999782562259,0.9097844958305359,0.0782579854130745,2017,6.167000000000001,0.8059999999999999,0.065,2018,6.252999999999999,0.794,0.09300000000000001,2019,6.34829998,0.748940408,0.11893630000000001,2020,6.061,0.845,0.11599999999999999,2021
42,Guatemala,6.122999999999999,0.74553,0.27489,2015,6.324,0.83454,0.28808,2016,6.4539999961853,0.872001945972443,0.283488392829895,2017,6.382000000000001,0.7809999999999999,0.179,2018,6.436,0.8,0.175,2019,6.398900032,0.7538157109999999,0.170611665,2020,6.435,0.845,0.163,2021
43,Uzbekistan,6.002999999999999,0.63244,0.22837,2015,5.987,0.7359100000000001,0.34326,2016,5.97100019454956,0.786441087722778,0.41598364710807795,2017,6.096,0.7190000000000001,0.32799999999999996,2018,6.1739999999999995,0.745,0.322,2019,6.257599831,0.6966529490000001,0.36331102299999996,2020,6.178999999999999,0.769,0.391,2021
44,Slovakia,5.995,1.1689100000000001,0.16893,2015,6.077999999999999,1.27973,0.13837,2016,6.09800004959106,1.32539355754852,0.136544480919838,2017,6.172999999999999,1.21,0.11800000000000001,2018,6.1979999999999995,1.246,0.121,2019,6.280600071,1.194837689,0.11672977400000001,2020,6.331,1.304,0.107,2021
45,Japan,5.987,1.27074,0.10705,2015,5.921,1.3800700000000001,0.10224,2016,5.92000007629395,1.41691517829895,0.12057276815175999,2017,5.915,1.294,0.079,2018,5.886,1.327,0.069,2019,5.870800018,1.26672411,0.03571178,2020,5.94,1.389,0.02,2021
46,South Korea,5.984,1.24461,0.18557,2015,5.835,1.35948,0.18824000000000002,2016,5.837999820709231,1.40167844295502,0.206674367189407,2017,5.875,1.266,0.175,2018,5.895,1.301,0.175,2019,5.872399807000001,1.245300651,0.17030386600000003,2020,5.845,1.403,0.134,2021
47,Ecuador,5.975,0.8640200000000001,0.11540999999999998,2015,5.976,0.97306,0.10074,2016,6.00799989700317,1.00082039833069,0.15011246502399403,2017,5.973,0.889,0.114,2018,6.028,0.912,0.126,2019,5.925199986,0.853383601,0.115006477,2020,5.763999999999999,0.935,0.107,2021
48,Bahrain,5.96,1.32376,0.17362,2015,6.218,1.44024,0.17147,2016,6.08699989318848,1.4884122610092199,0.17266848683357197,2017,6.105,1.338,0.243,2018,6.199,1.3619999999999999,0.255,2019,6.227300167,1.296692252,0.287453711,2020,6.647,1.409,0.24600000000000002,2021
49,Italy,5.9479999999999995,1.25114,0.22823000000000002,2015,5.977,1.35495,0.16684000000000002,2016,5.96400022506714,1.3950666189193701,0.17278964817523998,2017,6.0,1.264,0.13699999999999998,2018,6.223,1.294,0.158,2019,6.38740015,1.236396074,0.17026621100000003,2020,6.483,1.393,0.133,2021
50,Bolivia,5.89,0.68133,0.20536,2015,5.822,0.79422,0.21698,2016,5.82299995422363,0.833756566047668,0.22556072473526,2017,5.752000000000001,0.7509999999999999,0.141,2018,5.779,0.7759999999999999,0.13699999999999998,2019,5.747499942999999,0.7309763429999999,0.13837507400000001,2020,5.716,0.8420000000000001,0.138,2021
51,Moldova,5.888999999999999,0.59448,0.20951,2015,5.897,0.69177,0.19997,2016,5.837999820709231,0.7288706302642819,0.20877912640571603,2017,5.64,0.657,0.171,2018,5.529,0.685,0.18100000000000002,2019,5.607500076,0.7079167959999999,0.174049184,2020,5.766,0.985,0.13699999999999998,2021
52,Paraguay,5.877999999999999,0.75985,0.3424,2015,5.537999999999999,0.8937299999999999,0.25296,2016,5.493000030517581,0.932537317276001,0.224150657653809,2017,5.681,0.835,0.162,2018,5.742999999999999,0.855,0.184,2019,5.6921000479999995,0.897990823,0.20429924100000002,2020,5.653,0.983,0.20600000000000002,2021
53,Kazakhstan,5.855,1.1225399999999999,0.11827,2015,5.919,1.22943,0.15011,2016,5.8189997673034695,1.2845562696456898,0.20196442306041698,2017,5.79,1.143,0.14800000000000002,2018,5.809,1.173,0.146,2019,6.0578999520000005,1.122594237,0.15371379300000002,2020,6.152,1.23,0.14300000000000002,2021
54,Slovenia,5.848,1.18498,0.25328,2015,5.768,1.2994700000000001,0.25738,2016,5.75799989700317,1.3412059545516999,0.242649093270302,2017,5.9479999999999995,1.219,0.16,2018,6.117999999999999,1.258,0.14400000000000002,2019,6.363399982000001,1.208652496,0.145701498,2020,6.461,1.36,0.122,2021
55,Lithuania,5.832999999999999,1.14723,0.026410000000000003,2015,5.813,1.2692,0.02025,2016,5.90199995040894,1.3145823478698702,0.010164656676352,2017,5.952000000000001,1.197,0.026000000000000002,2018,6.149,1.238,0.043,2019,6.215499877999999,1.193559647,0.053691040999999995,2020,6.255,1.35,0.055999999999999994,2021
56,Nicaragua,5.827999999999999,0.59325,0.27815,2015,5.992000000000001,0.69384,0.29773,2016,6.07100009918213,0.737299203872681,0.301674216985703,2017,6.141,0.6679999999999999,0.20800000000000002,2018,6.105,0.6940000000000001,0.2,2019,6.13710022,0.620033145,0.212871477,2020,5.972,0.693,0.201,2021
57,Peru,5.824,0.9001899999999999,0.14982,2015,5.742999999999999,0.9960200000000001,0.14527,2016,5.71500015258789,1.0352252721786501,0.126819714903831,2017,5.662999999999999,0.934,0.092,2018,5.697,0.96,0.083,2019,5.796800137000001,0.91854918,0.091611817,2020,5.84,0.986,0.087,2021
58,Belarus,5.813,1.0319200000000002,0.11045999999999999,2015,5.8020000000000005,1.1306200000000002,0.13942000000000002,2016,5.5689997673034695,1.15655755996704,0.15513750910759,2017,5.483,1.0390000000000001,0.10099999999999999,2018,5.3229999999999995,1.067,0.094,2019,5.539899826,1.0188544990000001,0.08993306,2020,5.534,1.124,0.07,2021
59,Poland,5.791,1.12555,0.16759000000000002,2015,5.835,1.24585,0.14443,2016,5.97300004959106,1.29178786277771,0.158465966582298,2017,6.122999999999999,1.176,0.10800000000000001,2018,6.182,1.206,0.11699999999999999,2019,6.1862998010000005,1.16922915,0.06337424400000001,2020,6.166,1.3090000000000002,0.08,2021
60,Malaysia,5.77,1.12486,0.33075,2015,6.005,1.25142,0.41473999999999994,2016,6.08400011062622,1.29121541976929,0.416608929634094,2017,6.322,1.161,0.311,2018,5.3389999999999995,1.2209999999999999,0.26,2019,5.384300232,1.168421626,0.274886161,2020,5.3839999999999995,1.2590000000000001,0.27,2021
61,Croatia,5.7589999999999995,1.08254,0.054439999999999995,2015,5.4879999999999995,1.18649,0.18434,2016,5.2930002212524405,1.22255623340607,0.248002976179123,2017,5.321000000000001,1.115,0.12,2018,5.432,1.155,0.11900000000000001,2019,5.504700184,1.109024286,0.113998979,2020,5.882000000000001,1.251,0.111,2021
62,Libya,5.754,1.13145,0.18295,2015,5.615,1.0668799999999998,0.17087,2016,5.525000095367429,1.1018030643463101,0.15207366645336198,2017,5.566,0.985,0.11599999999999999,2018,5.525,1.044,0.133,2019,5.488800049,1.021913767,0.14275769900000002,2020,5.41,1.044,0.131,2021
63,Russia,5.716,1.13764,0.00199,2015,5.856,1.2322799999999998,0.027360000000000002,2016,5.962999820709231,1.28177809715271,0.0522638224065304,2017,5.81,1.151,0.065,2018,5.648,1.183,0.08199999999999999,2019,5.546000004,1.126999617,0.099041916,2020,5.477,1.2409999999999999,0.115,2021
64,Jamaica,5.709,0.81038,0.2123,2015,5.51,0.89333,0.22245,2016,5.31099987030029,0.925579309463501,0.23381833732128102,2017,5.89,0.8190000000000001,0.096,2018,5.89,0.831,0.107,2019,5.889800072000001,0.779058397,0.116268493,2020,6.309,0.8909999999999999,0.099,2021
65,North Cyprus,5.695,1.2080600000000001,0.26169000000000003,2015,5.771,1.31141,0.26322,2016,5.80999994277954,1.3469113111496,0.266845703125,2017,,,,,,,,,5.53550005,1.21279943,0.19916005399999998,2020,5.5360000000000005,1.3769999999999998,0.196,2021
66,Cyprus,5.689,1.20813,0.30638000000000004,2015,5.546,1.31857,0.27906,2016,5.62099981307983,1.3559380769729599,0.271254301071167,2017,5.7620000000000005,1.229,0.20199999999999999,2018,6.046,1.263,0.19,2019,6.15899992,1.21279943,0.227932334,2020,6.223,1.3769999999999998,0.17800000000000002,2021
67,Algeria,5.605,0.93929,0.07822,2015,6.355,1.05266,0.07044,2016,5.872000217437741,1.09186446666718,0.0694366469979286,2017,5.295,0.9790000000000001,0.055,2018,5.211,1.002,0.073,2019,5.005099773,0.9438560009999999,0.118915014,2020,4.887,0.946,0.14400000000000002,2021
68,Kosovo,5.5889999999999995,0.80148,0.2831,2015,5.401,0.90145,0.27992,2016,5.27899980545044,0.951484382152557,0.319931447505951,2017,5.662000000000001,0.855,0.27399999999999997,2018,6.1,0.882,0.262,2019,6.325200081,0.8404813409999999,0.325286865,2020,6.372000000000001,0.937,0.35600000000000004,2021
69,Turkmenistan,5.547999999999999,0.95847,0.16979,2015,5.6579999999999995,1.08017,0.22566999999999998,2016,5.82200002670288,1.1307767629623402,0.24992498755454998,2017,5.636,1.016,0.19899999999999998,2018,5.247000000000001,1.052,0.244,2019,5.119100093999999,1.008963585,0.323129326,2020,5.066,1.046,0.366,2021
70,Mauritius,5.477,1.0076100000000001,0.37744,2015,5.648,1.14372,0.36951,2016,5.62900018692017,1.1893955469131499,0.360933750867844,2017,5.891,1.09,0.245,2018,5.888,1.12,0.215,2019,6.101299762999999,1.07366395,0.18689455100000002,2020,6.0489999999999995,1.178,0.153,2021
71,Hong Kong,5.474,1.38604,0.39478,2015,5.457999999999999,1.5107,0.40097,2016,,,,,5.43,1.405,0.24600000000000002,2018,5.43,1.4380000000000002,0.258,2019,,,,,,,,
72,Estonia,5.428999999999999,1.15174,0.0868,2015,5.517,1.2796399999999999,0.08423,2016,5.61100006103516,1.3208793401718102,0.0988908112049103,2017,5.739,1.2,0.086,2018,5.893,1.237,0.10300000000000001,2019,6.0218000410000005,1.192441225,0.12513674800000002,2020,6.189,1.344,0.11900000000000001,2021
73,Indonesia,5.399,0.8282700000000001,0.51535,2015,5.314,0.95104,0.56521,2016,5.26200008392334,0.995538592338562,0.611704587936401,2017,5.093,0.899,0.484,2018,5.192,0.9309999999999999,0.498,2019,5.285600185,0.891720712,0.542646527,2020,5.345,0.9540000000000001,0.541,2021
74,Vietnam,5.36,0.63216,0.1686,2015,5.061,0.74037,0.25075,2016,5.07399988174438,0.7885475754737851,0.23496805131435397,2017,5.103,0.715,0.177,2018,5.175,0.741,0.147,2019,5.353499889,0.718092382,0.136488721,2020,5.4110000000000005,0.8170000000000001,0.124,2021
75,Turkey,5.332000000000001,1.06098,0.12253,2015,5.388999999999999,1.1649200000000002,0.04707,2016,5.5,1.1982743740081798,0.0466930419206619,2017,5.483,1.148,0.106,2018,5.372999999999999,1.183,0.083,2019,5.131800175,1.127169251,0.08588556900000001,2020,4.948,1.26,0.09699999999999999,2021
76,Kyrgyzstan,5.2860000000000005,0.47428000000000003,0.3003,2015,5.185,0.5604399999999999,0.38432,2016,5.0040001869201705,0.5962200760841371,0.42858037352562,2017,5.131,0.53,0.281,2018,5.261,0.551,0.3,2019,5.541500092000001,0.513180971,0.30137074,2020,5.744,0.665,0.266,2021
77,Nigeria,5.268,0.65435,0.27233,2015,4.875,0.75216,0.23219,2016,5.07399988174438,0.783756256103516,0.23094719648361198,2017,5.155,0.6890000000000001,0.201,2018,5.265,0.696,0.215,2019,4.724100113,0.645901859,0.221328124,2020,4.7589999999999995,0.6629999999999999,0.212,2021
78,Bhutan,5.252999999999999,0.77042,0.47998,2015,5.196000000000001,0.8527,0.48546000000000006,2016,5.01100015640259,0.885416388511658,0.474054545164108,2017,5.082,0.7959999999999999,0.364,2018,5.082,0.813,0.37,2019,,,,,,,,
79,Azerbaijan,5.212000000000001,1.02389,0.07799,2015,5.291,1.12373,0.0564,2016,5.234000205993651,1.1536017656326298,0.0452693402767181,2017,5.2010000000000005,1.024,0.031,2018,5.207999999999999,1.043,0.035,2019,5.164800167,0.990272701,0.040113214,2020,5.171,1.025,0.043,2021
80,Pakistan,5.194,0.59543,0.33671,2015,5.132000000000001,0.68816,0.31185,2016,5.26900005340576,0.7268835306167599,0.31544601917266807,2017,5.472,0.652,0.21600000000000003,2018,5.653,0.677,0.22,2019,5.69329977,0.616799474,0.22870506300000001,2020,4.934,0.637,0.252,2021
81,Jordan,5.192,0.9019799999999999,0.11052999999999999,2015,5.303,0.9967299999999999,0.14262,2016,5.33599996566772,0.9910123944282528,0.17217046022415197,2017,5.1610000000000005,0.8220000000000001,0.13,2018,4.906000000000001,0.8370000000000001,0.11,2019,4.6333999630000005,0.785179198,0.091494769,2020,4.395,0.89,0.079,2021
82,Montenegro,5.192,0.9743799999999999,0.1614,2015,5.1610000000000005,1.07838,0.17190999999999998,2016,5.23699998855591,1.12112903594971,0.197911024093628,2017,5.347,1.0170000000000001,0.111,2018,5.523,1.051,0.142,2019,5.54610014,1.010150075,0.14901033,2020,5.581,1.155,0.166,2021
83,China,5.14,0.89012,0.08185,2015,5.245,1.0278,0.049589999999999995,2016,5.2729997634887695,1.08116579055786,0.0288068410009146,2017,5.246,0.9890000000000001,0.028999999999999998,2018,5.191,1.0290000000000001,0.057999999999999996,2019,5.123899937,0.990533412,0.079021044,2020,5.3389999999999995,1.061,0.09300000000000001,2021
84,Zambia,5.129,0.47038,0.19591,2015,4.795,0.61202,0.17865999999999999,2016,4.513999938964839,0.6364067792892459,0.249580144882202,2017,4.377,0.562,0.221,2018,4.107,0.578,0.247,2019,3.759399891,0.536833763,0.250620902,2020,4.073,0.528,0.22699999999999998,2021
85,Romania,5.124,1.04345,0.13748,2015,5.528,1.1697,0.12889,2016,5.824999809265139,1.21768391132355,0.133519917726517,2017,5.945,1.1159999999999999,0.08800000000000001,2018,6.07,1.162,0.083,2019,6.123700142000001,1.1204016209999998,0.068181619,2020,6.14,1.275,0.045,2021
86,Serbia,5.122999999999999,0.92053,0.19230999999999998,2015,5.1770000000000005,1.03437,0.20736999999999997,2016,5.39499998092651,1.06931757926941,0.22012588381767298,2017,5.398,0.975,0.134,2018,5.603,1.004,0.13699999999999998,2019,5.77820015,0.9881818290000001,0.15028289,2020,6.077999999999999,1.101,0.18899999999999997,2021
87,Portugal,5.102,1.15991,0.13719,2015,5.122999999999999,1.27607,0.11690999999999999,2016,5.19500017166138,1.3151752948761002,0.0951027125120163,2017,5.41,1.188,0.055,2018,5.693,1.2209999999999999,0.047,2019,5.9109001160000005,1.168800831,0.053036947,2020,5.928999999999999,1.3230000000000002,0.028999999999999998,2021
88,Latvia,5.098,1.11312,0.18225999999999998,2015,5.56,1.2178799999999999,0.17445,2016,5.849999904632571,1.26074862480164,0.153074786067009,2017,5.933,1.148,0.092,2018,5.94,1.187,0.075,2019,5.9499998089999995,1.14139545,0.075407945,2020,6.032,1.285,0.08199999999999999,2021
89,Philippines,5.073,0.70532,0.24991,2015,5.279,0.81217,0.21674000000000002,2016,5.42999982833862,0.85769921541214,0.193513423204422,2017,5.524,0.775,0.12,2018,5.631,0.807,0.11699999999999999,2019,6.006000042,0.7751206759999999,0.12926021199999999,2020,5.88,0.853,0.125,2021
90,Somaliland region,5.0569999999999995,0.18847,0.5031800000000001,2015,,,,,,,,,,,,,,,,,,,,,,,,
91,Morocco,5.013,0.7347899999999999,0.07172,2015,5.151,0.8405799999999999,0.040530000000000004,2016,5.2350001335144,0.8781145811080929,0.0322099551558495,2017,5.254,0.779,0.026000000000000002,2018,5.207999999999999,0.8009999999999999,0.036000000000000004,2019,5.094799995,0.75862211,0.040032551,2020,4.918,0.792,0.034,2021
92,Macedonia,5.007,0.91851,0.22359,2015,5.121,1.0193,0.23506999999999997,2016,5.175000190734861,1.06457793712616,0.25376096367836,2017,5.185,0.9590000000000001,0.17300000000000001,2018,,,,,5.1598000530000006,0.935371995,0.18586354,2020,,,,
93,Mozambique,4.971,0.08308,0.22269,2015,,,,,4.550000190734861,0.23430564999580397,0.322228103876114,2017,4.417,0.198,0.20600000000000002,2018,4.466,0.204,0.19699999999999998,2019,4.623600006,0.178741366,0.22042210399999998,2020,4.794,0.183,0.228,2021
94,Albania,4.959,0.8786700000000001,0.14272,2015,4.655,0.9553,0.1684,2016,4.64400005340576,0.996192753314972,0.20131294429302202,2017,4.586,0.9159999999999999,0.149,2018,4.718999999999999,0.9470000000000001,0.17800000000000002,2019,4.882699966000001,0.906653047,0.171027765,2020,5.117,1.008,0.168,2021
95,Bosnia and Herzegovina,4.949,0.8322299999999999,0.24808000000000002,2015,5.162999999999999,0.9338299999999999,0.29889,2016,5.18200016021729,0.982409417629242,0.328867495059967,2017,5.129,0.915,0.21600000000000003,2018,5.386,0.945,0.263,2019,5.674099922000001,0.91839546,0.264005244,2020,5.813,1.032,0.261,2021
96,Lesotho,4.898,0.37545,0.16388,2015,,,,,3.80800008773804,0.521021246910095,0.157497271895409,2017,3.8080000000000003,0.47200000000000003,0.11599999999999999,2018,3.802,0.489,0.107,2019,3.6528000830000003,0.45493874,0.10262764199999999,2020,3.512,0.451,0.10300000000000001,2021
97,Dominican Republic,4.885,0.8953700000000001,0.21684,2015,5.155,1.02787,0.21286,2016,5.230000019073491,1.07937383651733,0.186967849731445,2017,5.3020000000000005,0.982,0.12,2018,5.425,1.015,0.113,2019,5.6891999239999995,0.9831918479999999,0.112196781,2020,5.545,1.1059999999999999,0.10099999999999999,2021
98,Laos,4.876,0.5906600000000001,0.42191999999999996,2015,4.876,0.68042,0.43078999999999995,2016,,,,,4.623,0.72,0.23,2018,4.796,0.764,0.266,2019,4.888599873,0.714693844,0.27266711,2020,5.03,0.8079999999999999,0.268,2021
99,Mongolia,4.874,0.82819,0.3323,2015,4.907,0.9885299999999999,0.34539000000000003,2016,4.95499992370605,1.0272358655929599,0.338464230298996,2017,5.125,0.914,0.253,2018,5.285,0.948,0.235,2019,5.4562001229999995,0.904872775,0.26388573600000004,2020,5.6770000000000005,0.966,0.263,2021
100,Swaziland,4.867,0.71206,0.18259,2015,,,,,,,,,,,,,4.212,0.8109999999999999,0.07400000000000001,2019,4.3081002239999995,0.827539742,0.067264833,2020,4.308,0.8490000000000001,0.067,2021
101,Greece,4.857,1.15406,0.0,2015,5.033,1.24886,0.0,2016,5.2270002365112305,1.28948748111725,0.0,2017,5.358,1.1540000000000001,0.0,2018,5.287000000000001,1.181,0.0,2019,5.514999866,1.128070116,0.0,2020,5.723,1.273,0.0,2021
102,Lebanon,4.8389999999999995,1.0256399999999999,0.21854,2015,5.129,1.12268,0.23693000000000003,2016,5.22499990463257,1.07498753070831,0.26445075869560203,2017,5.358,0.965,0.214,2018,5.197,0.987,0.166,2019,4.771500111,0.889232516,0.158524141,2020,4.584,1.045,0.14,2021
103,Hungary,4.8,1.12094,0.128,2015,5.145,1.24142,0.099,2016,5.32399988174438,1.2860119342803997,0.0784016624093056,2017,5.62,1.171,0.061,2018,5.757999999999999,1.2009999999999998,0.081,2019,6.000400066,1.1643071170000001,0.070491239,2020,5.992000000000001,1.301,0.067,2021
104,Honduras,4.788,0.59532,0.23026999999999997,2015,4.871,0.69429,0.2044,2016,5.1810002326965305,0.730573117733002,0.23618887364864302,2017,5.504,0.62,0.19699999999999998,2018,5.86,0.642,0.24600000000000002,2019,5.953199862999999,0.598763585,0.256528199,2020,5.919,0.703,0.24100000000000002,2021
105,Tajikistan,4.7860000000000005,0.39047,0.22974,2015,4.996,0.48835,0.25998000000000004,2016,5.04099988937378,0.524713635444641,0.24899764358997303,2017,5.199,0.474,0.187,2018,5.4670000000000005,0.493,0.23,2019,5.555699825,0.474874616,0.182417125,2020,5.466,0.508,0.152,2021
106,Tunisia,4.739,0.88113,0.06431,2015,5.045,0.97724,0.03936,2016,4.80499982833862,1.00726580619812,0.0496933571994305,2017,4.592,0.9,0.04,2018,4.461,0.9209999999999999,0.059000000000000004,2019,4.392199993,0.874742687,0.055881143,2020,4.596,0.919,0.057,2021
107,Palestinian Territories,4.715,0.59867,0.11250999999999999,2015,4.754,0.67024,0.11154000000000001,2016,4.77500009536743,0.716249227523804,0.114173173904419,2017,4.743,0.642,0.086,2018,4.696000000000001,0.657,0.10300000000000001,2019,4.552800179,0.587819219,0.091816261,2020,4.5169999999999995,0.6459999999999999,0.08199999999999999,2021
108,Bangladesh,4.694,0.39753,0.21222,2015,4.643,0.54177,0.19132000000000002,2016,4.60799980163574,0.586682975292206,0.17225535213947304,2017,4.5,0.532,0.153,2018,4.456,0.562,0.166,2019,4.832799911,0.556156278,0.17674511699999998,2020,5.025,0.635,0.161,2021
109,Iran,4.686,1.0088,0.38086,2015,4.813,1.11758,0.38538,2016,4.69199991226196,1.15687310695648,0.387242913246155,2017,4.707,1.0590000000000002,0.282,2018,4.548,1.1,0.27,2019,4.672399998,1.029322505,0.27697894,2020,4.721,1.03,0.33,2021
110,Ukraine,4.681,0.79907,0.15275,2015,4.324,0.87287,0.20363,2016,4.09600019454956,0.89465194940567,0.270061463117599,2017,4.103,0.7929999999999999,0.187,2018,4.332,0.82,0.187,2019,4.56069994,0.780434608,0.17855131600000002,2020,4.875,0.9790000000000001,0.18100000000000002,2021
111,Iraq,4.677,0.98549,0.17922000000000002,2015,4.575,1.07474,0.19589,2016,4.49700021743774,1.1027104854583702,0.19963726401329,2017,4.456,1.01,0.14800000000000002,2018,4.437,1.043,0.14800000000000002,2019,4.7848000530000006,0.9820187090000001,0.15300206800000002,2020,4.854,0.91,0.153,2021
112,South Africa,4.6419999999999995,0.9204899999999999,0.11972999999999999,2015,4.459,1.02416,0.13656,2016,4.8289999961853,1.05469870567322,0.13936237990856198,2017,4.724,0.94,0.10300000000000001,2018,4.7219999999999995,0.96,0.13,2019,4.814099789,0.9021404390000001,0.12640684800000002,2020,4.956,0.9670000000000001,0.14400000000000002,2021
113,Ghana,4.633,0.5455800000000001,0.23087,2015,4.276,0.63107,0.21203000000000002,2016,4.11999988555908,0.667224824428558,0.25692394375801103,2017,4.657,0.5920000000000001,0.212,2018,4.996,0.611,0.245,2019,5.1479997630000005,0.575862467,0.261291206,2020,5.088,0.68,0.268,2021
114,Zimbabwe,4.61,0.271,0.18987,2015,4.1930000000000005,0.35041,0.18503,2016,3.875,0.37584653496742204,0.189143493771553,2017,3.6919999999999997,0.35700000000000004,0.132,2018,3.6630000000000003,0.366,0.151,2019,3.2992000580000003,0.425564021,0.151349187,2020,3.145,0.457,0.157,2021
115,Liberia,4.571000000000001,0.0712,0.24361999999999998,2015,3.622,0.10705999999999999,0.24063,2016,3.5329999923706095,0.11904179304838199,0.26654988527298,2017,3.495,0.076,0.20600000000000002,2018,3.975,0.073,0.233,2019,4.557899952,0.174103007,0.22696787100000002,2020,4.625,0.228,0.221,2021
116,India,4.565,0.64499,0.26475,2015,4.404,0.74036,0.25028,2016,4.31500005722046,0.7922212481498722,0.23153848946094502,2017,4.19,0.721,0.172,2018,4.015,0.755,0.2,2019,3.573299885,0.730576158,0.237072483,2020,3.819,0.741,0.24600000000000002,2021
117,Sudan,4.55,0.52107,0.19062,2015,4.138999999999999,0.63069,0.18077000000000001,2016,4.138999938964839,0.6595166921615601,0.182317450642586,2017,4.138999999999999,0.605,0.134,2018,,,,,,,,,,,,
118,Haiti,4.518,0.26673,0.46187,2015,4.0280000000000005,0.34097,0.47958,2016,3.6029999256133998,0.368610262870789,0.48920378088951094,2017,3.582,0.315,0.392,2018,3.597,0.32299999999999995,0.419,2019,3.720799923,0.284734428,0.463909656,2020,3.615,0.294,0.46299999999999997,2021
119,Congo (Kinshasa),4.5169999999999995,0.0,0.24834,2015,4.272,0.05661,0.25458000000000003,2016,4.2800002098083505,0.0921023488044739,0.246455833315849,2017,4.245,0.069,0.19699999999999998,2018,4.418,0.094,0.212,2019,4.31099987,0.062487468,0.254324883,2020,,,,
120,Nepal,4.513999999999999,0.35996999999999996,0.32295999999999997,2015,4.793,0.44626000000000005,0.3816,2016,4.961999893188481,0.479820191860199,0.39409616589546204,2017,4.88,0.425,0.302,2018,4.913,0.446,0.285,2019,5.137199879,0.444050372,0.300971806,2020,5.269,0.519,0.287,2021
121,Ethiopia,4.512,0.19072999999999998,0.24325,2015,4.508,0.29283000000000003,0.29522,2016,4.46000003814697,0.339233845472336,0.31265074014663696,2017,4.35,0.308,0.22,2018,4.2860000000000005,0.336,0.209,2019,4.186200142,0.315125644,0.227698103,2020,4.275,0.37,0.24100000000000002,2021
122,Sierra Leone,4.507,0.33024000000000003,0.21488000000000002,2015,4.635,0.36485,0.23897,2016,4.70900011062622,0.36842092871666,0.293040901422501,2017,4.571000000000001,0.256,0.23800000000000002,2018,4.374,0.268,0.252,2019,3.926399946,0.24056038300000002,0.257647008,2020,3.8489999999999998,0.27899999999999997,0.243,2021
123,Mauritania,4.436,0.45407,0.21899999999999997,2015,4.2010000000000005,0.6139100000000001,0.22685999999999998,2016,4.29199981689453,0.6484572887420649,0.201870024204254,2017,4.356,0.557,0.134,2018,4.49,0.57,0.106,2019,4.374599934,0.539684892,0.128899664,2020,4.227,0.6659999999999999,0.11900000000000001,2021
124,Kenya,4.419,0.36471,0.37542,2015,4.356,0.52267,0.41328000000000004,2016,4.55299997329712,0.560479462146759,0.444860309362411,2017,4.41,0.493,0.35200000000000004,2018,4.5089999999999995,0.512,0.37200000000000005,2019,4.583000183,0.47641339899999996,0.39390209299999995,2020,4.607,0.603,0.375,2021
125,Djibouti,4.369,0.44025,0.18093,2015,,,,,,,,,,,,,,,,,,,,,,,,
126,Armenia,4.35,0.7682100000000001,0.07855,2015,4.36,0.8608600000000001,0.07793,2016,4.37599992752075,0.900596737861633,0.0834880918264389,2017,4.321000000000001,0.816,0.077,2018,4.559,0.85,0.095,2019,4.676799774,0.8082624079999999,0.107225738,2020,5.2829999999999995,0.996,0.079,2021
127,Botswana,4.332,0.99355,0.10461,2015,3.9739999999999998,1.09426,0.12425,2016,3.7660000324249303,1.12209415435791,0.0993484482169151,2017,3.59,1.0170000000000001,0.042,2018,3.488,1.041,0.025,2019,3.4788999560000002,0.997548997,0.033407487,2020,3.467,1.099,0.027000000000000003,2021
128,Myanmar,4.3069999999999995,0.27108000000000004,0.79588,2015,4.395,0.34112,0.81971,2016,4.54500007629395,0.36711055040359497,0.8380751609802249,2017,4.308,0.682,0.598,2018,4.36,0.71,0.5660000000000001,2019,4.308000088,0.67809093,0.569813728,2020,4.426,0.6659999999999999,0.52,2021
129,Georgia,4.297,0.7419,0.055470000000000005,2015,4.252,0.8379200000000001,0.06786,2016,4.28599977493286,0.950612664222717,0.0540088154375553,2017,4.34,0.853,0.038,2018,4.519,0.8859999999999999,0.043,2019,4.672599792,0.847198069,0.047609735,2020,4.891,1.03,0.032,2021
130,Malawi,4.292,0.016040000000000002,0.33128,2015,4.156000000000001,0.08709,0.30968,2016,3.97000002861023,0.233442038297653,0.28717046976089505,2017,3.5869999999999997,0.18600000000000003,0.21,2018,3.41,0.191,0.218,2019,3.538000107,0.176534727,0.21318505699999998,2020,3.6,0.113,0.213,2021
131,Sri Lanka,4.271,0.83524,0.40828000000000003,2015,4.415,0.9731799999999999,0.46978000000000003,2016,4.44000005722046,1.00985014438629,0.49086356163024897,2017,4.471,0.9179999999999999,0.307,2018,4.3660000000000005,0.9490000000000001,0.244,2019,4.327000141,0.897986948,0.25266614600000004,2020,4.325,0.99,0.239,2021
132,Cameroon,4.252,0.4225,0.20618000000000003,2015,4.513,0.5249699999999999,0.2268,2016,4.69500017166138,0.564305365085602,0.23629845678806302,2017,4.975,0.535,0.183,2018,5.044,0.5489999999999999,0.187,2019,5.084899902,0.503958046,0.198020101,2020,5.142,0.5429999999999999,0.205,2021
133,Bulgaria,4.218,1.01216,0.11921,2015,4.217,1.11306,0.12793,2016,4.71400022506714,1.1614590883255,0.113177694380283,2017,4.933,1.054,0.064,2018,5.011,1.092,0.081,2019,5.101500034,1.046554685,0.10383371300000001,2020,5.266,1.181,0.125,2021
134,Egypt,4.194,0.8818,0.11291,2015,4.362,0.95395,0.12705999999999998,2016,4.7350001335144,0.989701807498932,0.128631442785263,2017,4.419,0.885,0.092,2018,4.166,0.9129999999999999,0.076,2019,4.151400089,0.8752289409999999,0.068801254,2020,4.283,0.9540000000000001,0.069,2021
135,Yemen,4.077,0.5464899999999999,0.09131,2015,3.7239999999999998,0.57939,0.09821,2016,3.59299993515015,0.5916834473609921,0.104125209152699,2017,3.355,0.442,0.083,2018,3.38,0.287,0.10800000000000001,2019,3.5274000169999997,0.392701775,0.09468901199999999,2020,3.658,0.32899999999999996,0.092,2021
136,Angola,4.033,0.75778,0.12344000000000001,2015,3.866,0.84731,0.12070999999999998,2016,3.79500007629395,0.8584281802177429,0.09792649000883098,2017,3.795,0.73,0.079,2018,,,,,,,,,,,,
137,Mali,3.995,0.26074,0.18798,2015,4.073,0.31292,0.21064000000000002,2016,4.19000005722046,0.476180493831635,0.183354198932648,2017,4.447,0.37,0.139,2018,4.39,0.385,0.153,2019,4.729300021999999,0.35246264899999996,0.16966705,2020,4.723,0.387,0.16399999999999998,2021
138,Congo (Brazzaville),3.989,0.67866,0.12387999999999999,2015,4.236000000000001,0.7710899999999999,0.12077,2016,4.29099988937378,0.8089642524719242,0.12085212767124198,2017,4.559,0.682,0.091,2018,4.812,0.6729999999999999,0.105,2019,5.1943998339999995,0.633616745,0.11721601300000001,2020,5.3420000000000005,0.518,0.14400000000000002,2021
139,Comoros,3.9560000000000004,0.23906,0.17440999999999998,2015,3.9560000000000004,0.27509,0.1827,2016,,,,,,,,,3.9730000000000003,0.27399999999999997,0.275,2019,4.288599968,0.41562077399999997,0.258538276,2020,4.289,0.488,0.24100000000000002,2021
140,Uganda,3.931,0.21101999999999999,0.29066,2015,3.739,0.34719,0.27102,2016,4.08099985122681,0.381430715322495,0.32576605677604703,2017,4.1610000000000005,0.322,0.259,2018,4.189,0.332,0.252,2019,4.43200016,0.31233742800000003,0.264807373,2020,4.636,0.364,0.267,2021
141,Senegal,3.904,0.36498,0.20843000000000003,2015,4.218999999999999,0.44314,0.19103,2016,4.53499984741211,0.479309022426605,0.183468893170357,2017,4.631,0.429,0.138,2018,4.681,0.45,0.153,2019,4.980800152,0.5040618179999999,0.164397135,2020,5.132000000000001,0.518,0.158,2021
142,Gabon,3.8960000000000004,1.06024,0.06822,2015,4.121,1.15851,0.062439999999999996,2016,4.46500015258789,1.1982102394104,0.0437853783369064,2017,4.758,1.036,0.032,2018,4.7989999999999995,1.057,0.043,2019,4.829299927,0.9880443809999999,0.052013602,2020,4.852,1.037,0.057999999999999996,2021
143,Niger,3.845,0.0694,0.19387000000000001,2015,3.8560000000000003,0.1327,0.2097,2016,4.02799987792969,0.16192533075809498,0.22867384552955602,2017,4.166,0.131,0.175,2018,4.628,0.138,0.188,2019,4.909599781,0.10833033199999999,0.20817689600000003,2020,5.074,0.162,0.2,2021
144,Cambodia,3.819,0.46038,0.40359,2015,3.907,0.55604,0.40339,2016,4.1680002212524405,0.6017650961875921,0.385922968387604,2017,4.433,0.5489999999999999,0.256,2018,4.7,0.574,0.23199999999999998,2019,4.8484001160000005,0.544634938,0.233342081,2020,4.83,0.603,0.21,2021
145,Tanzania,3.781,0.2852,0.34376999999999996,2015,3.6660000000000004,0.47155,0.31472,2016,3.34899997711182,0.511135876178741,0.354256361722946,2017,3.303,0.455,0.27,2018,3.2310000000000003,0.47600000000000003,0.276,2019,3.4762001039999997,0.457163125,0.27154091,2020,3.623,0.433,0.307,2021
146,Madagascar,3.681,0.20824,0.21333000000000002,2015,3.695,0.27954,0.2204,2016,3.64400005340576,0.305808693170547,0.208732530474663,2017,3.7739999999999996,0.262,0.155,2018,3.9330000000000003,0.27399999999999997,0.16899999999999998,2019,4.165599823,0.244553208,0.191190064,2020,4.208,0.266,0.185,2021
147,Central African Republic,3.678,0.0785,0.23835,2015,,,,,2.69300007820129,0.0,0.280876487493515,2017,3.083,0.024,0.218,2018,3.083,0.026000000000000002,0.235,2019,3.475899935,0.041072082,0.253513217,2020,,,,
148,Chad,3.667,0.34193,0.18386,2015,3.763,0.42213999999999996,0.18667,2016,3.9360001087188703,0.43801298737525896,0.21611385047435802,2017,4.301,0.358,0.18100000000000002,2018,4.35,0.35,0.198,2019,4.422699928,0.30228748899999996,0.210805088,2020,4.355,0.255,0.215,2021
149,Guinea,3.656,0.17417,0.28657,2015,3.6069999999999998,0.22415,0.29914,2016,3.50699996948242,0.24454993009567302,0.264815092086792,2017,3.964,0.344,0.185,2018,4.534,0.38,0.207,2019,4.949299812,0.390007734,0.249490842,2020,4.984,0.42,0.25,2021
150,Ivory Coast,3.655,0.46534,0.20165,2015,3.9160000000000004,0.55507,0.20338,2016,4.17999982833862,0.6030489206314089,0.201237469911575,2017,4.671,0.541,0.146,2018,4.944,0.569,0.154,2019,5.233300208999999,0.537094414,0.16991558699999998,2020,5.306,0.669,0.177,2021
151,Burkina Faso,3.5869999999999997,0.25811999999999996,0.21746999999999997,2015,3.739,0.31995,0.24353000000000002,2016,4.03200006484985,0.35022771358490007,0.250864684581757,2017,4.4239999999999995,0.314,0.175,2018,4.587,0.331,0.177,2019,4.768700123,0.302467644,0.18639060899999998,2020,4.834,0.364,0.182,2021
152,Afghanistan,3.575,0.31982,0.3651,2015,3.36,0.38227,0.31268,2016,3.7939999103546103,0.401477217674255,0.311870932579041,2017,3.6319999999999997,0.332,0.191,2018,3.2030000000000003,0.35,0.158,2019,2.566900015,0.30070585,0.135234714,2020,2.523,0.37,0.122,2021
153,Rwanda,3.465,0.22208000000000003,0.22628,2015,3.515,0.32846,0.23551999999999998,2016,3.47099995613098,0.368745893239975,0.25275602936744695,2017,3.408,0.332,0.2,2018,3.3339999999999996,0.359,0.217,2019,3.312299967,0.343242675,0.235704988,2020,3.415,0.364,0.22699999999999998,2021
154,Benin,3.34,0.28665,0.1826,2015,3.484,0.39499,0.2018,2016,3.65700006484985,0.43108540773391707,0.207948461174965,2017,4.141,0.37799999999999995,0.163,2018,4.883,0.39299999999999996,0.175,2019,5.21600008,0.366244704,0.196670428,2020,5.045,0.507,0.166,2021
155,Syria,3.0060000000000002,0.6632,0.47179,2015,3.069,0.7471899999999999,0.48396999999999996,2016,3.46199989318848,0.777153134346008,0.49366372823715204,2017,3.4619999999999997,0.6890000000000001,0.376,2018,3.4619999999999997,0.619,0.331,2019,,,,,,,,
156,Burundi,2.905,0.0153,0.19727,2015,2.905,0.06831,0.2029,2016,2.90499997138977,0.09162256866693501,0.20443518459796897,2017,2.905,0.091,0.149,2018,3.775,0.046,0.17600000000000002,2019,3.775300026,0.0,0.18740178600000001,2020,3.775,0.0,0.172,2021
157,Togo,2.839,0.20868,0.16680999999999999,2015,3.303,0.28123000000000004,0.17517,2016,3.4949998855590803,0.30544471740722695,0.19689615070819896,2017,3.9989999999999997,0.259,0.158,2018,4.085,0.275,0.177,2019,4.187200069,0.268116266,0.200774252,2020,4.107,0.254,0.209,2021
158,Puerto Rico,,,,,7.039,1.35943,0.22202,2016,,,,,,,,,,,,,,,,,,,,
159,Belize,,,,,5.956,0.87616,0.23684000000000002,2016,5.955999851226809,0.907975316047668,0.24001564085483604,2017,5.956,0.807,0.183,2018,,,,,,,,,,,,
160,Somalia,,,,,5.44,0.0,0.27225,2016,5.151000022888179,0.0226431842893362,0.291631311178207,2017,4.982,0.0,0.23800000000000002,2018,4.668,0.0,0.243,2019,,,,,,,,
161,Somaliland Region,,,,,5.0569999999999995,0.25558000000000003,0.51479,2016,,,,,,,,,,,,,,,,,,,,
162,Namibia,,,,,4.574,0.9328700000000001,0.07795,2016,4.57399988174438,0.964434325695038,0.0771337449550629,2017,4.441,0.8740000000000001,0.051,2018,4.638999999999999,0.879,0.07,2019,4.571100235,0.84008199,0.076454483,2020,4.574,0.882,0.091,2021
163,South Sudan,,,,,3.832,0.39394,0.25899,2016,3.5910000801086404,0.39724862575531,0.285670816898346,2017,3.2539999999999996,0.337,0.22399999999999998,2018,2.853,0.306,0.20199999999999999,2019,2.8166000839999996,0.289082974,0.209934607,2020,,,,
164,Taiwan Province of China,,,,,,,,,6.42199993133545,1.4336265325546298,0.258360475301743,2017,,,,,,,,,6.45539999,1.3274705409999998,0.150598705,2020,6.584,1.48,0.142,2021
165,"Hong Kong S.A.R., China",,,,,,,,,5.47200012207031,1.55167484283447,0.374465793371201,2017,,,,,,,,,,,,,,,,
166,Trinidad & Tobago,,,,,,,,,,,,,6.192,1.2229999999999999,0.171,2018,6.192,1.2309999999999999,0.185,2019,,,,,,,,
167,Northern Cyprus,,,,,,,,,,,,,5.835,1.229,0.179,2018,5.718,1.263,0.191,2019,,,,,,,,
168,North Macedonia,,,,,,,,,,,,,,,,,5.274,0.983,0.185,2019,,,,,5.101,1.068,0.212,2021
169,Gambia,,,,,,,,,,,,,,,,,4.516,0.308,0.26899999999999996,2019,4.750599861,0.256990552,0.425989687,2020,5.051,0.36700000000000005,0.465,2021
170,Hong Kong S.A.R. of China,,,,,,,,,,,,,,,,,,,,,5.510399818,1.3767460580000002,0.288280904,2020,5.477,1.525,0.23199999999999998,2021
171,Maldives,,,,,,,,,,,,,,,,,,,,,5.197599888,0.9378643040000001,0.224198252,2020,5.1979999999999995,1.115,0.204,2021
