,Country,Region,2015Happiness,2015GDP,2015Generosity,2015Trust (Government Corruption),2016Happiness,2016GDP,2016Generosity,2016Trust (Government Corruption),2017Happiness,2017GDP,2017Generosity,2017Trust (Government Corruption),2018Happiness,2018GDP,2018Generosity,2018Trust (Government Corruption),2019Happiness,2019GDP,2019Generosity,2019Trust (Government Corruption),2021Happiness,2021GDP,2021Generosity,2021Trust (Government Corruption)
0,Switzerland,Western Europe,7.587000000000001,1.3965100000000001,0.29678000000000004,0.41978000000000004,7.5089999999999995,1.5273299999999999,0.28083,0.41203,7.49399995803833,1.5649795532226598,0.29054927825927696,0.36700728535652205,7.487,1.42,0.256,0.35700000000000004,7.48,1.452,0.263,0.34299999999999997,7.571000000000001,1.5659999999999998,0.204,0.292
1,Iceland,Western Europe,7.561,1.3023200000000001,0.4363,0.14145,7.501,1.42666,0.47678000000000004,0.14975,7.50400018692017,1.480633020401,0.47554022073745705,0.15352655947208402,7.495,1.3430000000000002,0.353,0.138,7.494,1.38,0.354,0.11800000000000001,7.553999999999999,1.482,0.293,0.6729999999999999
2,Denmark,Western Europe,7.527,1.32548,0.34139,0.48357,7.526,1.4417799999999998,0.36171,0.44453000000000004,7.52199983596802,1.48238301277161,0.3552804887294771,0.40077006816863997,7.555,1.351,0.284,0.408,7.6,1.383,0.252,0.41,7.62,1.5019999999999998,0.20800000000000002,0.179
3,Norway,Western Europe,7.522,1.459,0.34699,0.36503,7.497999999999999,1.57744,0.37895,0.35775999999999997,7.537000179290769,1.6164631843566901,0.36201223731041,0.31596383452415505,7.593999999999999,1.456,0.28600000000000003,0.34,7.553999999999999,1.4880000000000002,0.271,0.341,7.392,1.5430000000000001,0.249,0.27
4,Canada,North America,7.4270000000000005,1.32629,0.45811,0.32957,7.404,1.44015,0.44833999999999996,0.31329,7.31599998474121,1.47920441627502,0.435539722442627,0.287371516227722,7.327999999999999,1.33,0.321,0.29100000000000004,7.278,1.365,0.285,0.308,7.103,1.4469999999999998,0.24600000000000002,0.415
5,Finland,Western Europe,7.406000000000001,1.29025,0.23351,0.41372,7.412999999999999,1.40598,0.25492,0.41003999999999996,7.468999862670901,1.44357192516327,0.24548277258873,0.38261154294014,7.632000000000001,1.305,0.20199999999999999,0.39299999999999996,7.769,1.34,0.153,0.39299999999999996,7.8420000000000005,1.446,0.124,0.18600000000000003
6,Netherlands,Western Europe,7.377999999999999,1.32944,0.4761,0.31814000000000003,7.3389999999999995,1.46468,0.47416,0.29927,7.3769998550415,1.50394463539124,0.47048982977867104,0.282661825418472,7.441,1.361,0.33299999999999996,0.295,7.4879999999999995,1.396,0.322,0.298,7.4639999999999995,1.501,0.302,0.33799999999999997
7,Sweden,Western Europe,7.364,1.33171,0.36262,0.43843999999999994,7.291,1.45181,0.38254,0.40867,7.28399991989136,1.49438726902008,0.38539925217628496,0.384398728609085,7.314,1.355,0.285,0.38299999999999995,7.343,1.3869999999999998,0.267,0.373,7.3629999999999995,1.4780000000000002,0.244,0.237
8,New Zealand,Australia and New Zealand,7.2860000000000005,1.2501799999999998,0.47501000000000004,0.42922,7.334,1.36066,0.49401000000000006,0.41903999999999997,7.31400012969971,1.40570604801178,0.500005125999451,0.38281670212745705,7.324,1.268,0.365,0.389,7.307,1.3030000000000002,0.33,0.38,7.277,1.4,0.276,0.242
9,Australia,Australia and New Zealand,7.284,1.33358,0.43562,0.35636999999999996,7.313,1.4444299999999999,0.47407,0.32331,7.28399991989136,1.4844149351120002,0.47769924998283403,0.301183730363846,7.272,1.34,0.361,0.302,7.228,1.3719999999999999,0.332,0.29,7.183,1.453,0.29100000000000004,0.442
10,Israel,Middle East and Northern Africa,7.278,1.2285700000000002,0.33171999999999996,0.07785,7.267,1.33766,0.32288,0.08728,7.212999820709231,1.3753824234008798,0.330082654953003,0.0852421000599861,6.814,1.301,0.354,0.272,7.138999999999999,1.276,0.261,0.08199999999999999,7.157,1.376,0.20800000000000002,0.753
11,Costa Rica,Latin America and Caribbean,7.226,0.95578,0.25497,0.10583,7.087000000000001,1.06879,0.22553,0.10547000000000001,7.0789999961853,1.10970628261566,0.21461322903633104,0.100106589496136,7.072,1.01,0.14300000000000002,0.10099999999999999,7.167000000000001,1.034,0.14400000000000002,0.09300000000000001,7.069,1.1340000000000001,0.105,0.809
12,Austria,Western Europe,7.2,1.33723,0.33088,0.18675999999999998,7.119,1.45038,0.32865,0.21348000000000003,7.00600004196167,1.4870972633361799,0.316472321748734,0.22106036543846105,7.138999999999999,1.341,0.242,0.22399999999999998,7.246,1.376,0.244,0.226,7.268,1.492,0.215,0.48100000000000004
13,Mexico,Latin America and Caribbean,7.187,1.02054,0.14074,0.21311999999999998,6.778,1.1150799999999998,0.11735,0.18355,6.57800006866455,1.1531838178634601,0.12099043279886199,0.132774114608765,6.4879999999999995,1.038,0.069,0.095,6.595,1.07,0.07400000000000001,0.073,6.317,1.126,0.092,0.799
14,United States,North America,7.119,1.3945100000000001,0.40105,0.1589,7.104,1.50796,0.41076999999999997,0.14868,6.993000030517581,1.54625928401947,0.392578780651093,0.135638788342476,6.886,1.3980000000000001,0.29100000000000004,0.133,6.892,1.433,0.28,0.128,6.9510000000000005,1.5330000000000001,0.252,0.698
15,Brazil,Latin America and Caribbean,6.983,0.98124,0.14574,0.17521,6.952000000000001,1.08754,0.15775999999999998,0.14165999999999998,6.6350002288818395,1.1073532104492199,0.16234989464282998,0.11109276115894301,6.419,0.986,0.11,0.08800000000000001,6.3,1.004,0.099,0.086,6.33,1.028,0.142,0.7559999999999999
16,Luxembourg,Western Europe,6.946000000000001,1.5639100000000001,0.28034000000000003,0.37798000000000004,6.871,1.6975200000000001,0.27571,0.35329,6.86299991607666,1.74194359779358,0.283180981874466,0.31883442401886,6.91,1.5759999999999998,0.196,0.321,7.09,1.609,0.19399999999999998,0.316,7.324,1.751,0.166,0.386
17,Ireland,Western Europe,6.94,1.33596,0.45901000000000003,0.28703,6.907,1.4834100000000001,0.44963000000000003,0.29754,6.9770002365112305,1.5357066392898602,0.42785832285881,0.29838815331459007,6.977,1.4480000000000002,0.307,0.306,7.021,1.499,0.298,0.31,7.085,1.6440000000000001,0.23800000000000002,0.363
18,Belgium,Western Europe,6.937,1.30782,0.2225,0.2254,6.928999999999999,1.42539,0.2424,0.26248,6.89099979400635,1.4637807607650801,0.23150333762168898,0.251343131065369,6.9270000000000005,1.324,0.188,0.24,6.922999999999999,1.3559999999999999,0.16,0.21,6.834,1.463,0.08800000000000001,0.6459999999999999
19,United Kingdom,Western Europe,6.867000000000001,1.26637,0.51912,0.32066999999999996,6.725,1.40283,0.50156,0.27399,6.71400022506714,1.44163393974304,0.492774158716202,0.265428066253662,7.19,1.244,0.262,0.08199999999999999,7.053999999999999,1.3330000000000002,0.348,0.278,7.064,1.423,0.34,0.45899999999999996
20,Venezuela,Latin America and Caribbean,6.81,1.04424,0.058410000000000004,0.11069000000000001,6.084,1.1336700000000002,0.0425,0.08304,5.25,1.12843120098114,0.0650196298956871,0.0644911229610443,4.806,0.996,0.055999999999999994,0.052000000000000005,4.707,0.96,0.064,0.047,4.8919999999999995,0.852,0.078,0.8270000000000001
21,Singapore,Southeastern Asia,6.797999999999999,1.52186,0.31105,0.4921,6.739,1.64555,0.32706,0.46986999999999995,6.57200002670288,1.69227766990662,0.345965981483459,0.46430778503417997,6.343,1.5290000000000001,0.261,0.457,6.2620000000000005,1.5719999999999998,0.271,0.45299999999999996,6.377000000000001,1.695,0.17600000000000002,0.08199999999999999
22,Panama,Latin America and Caribbean,6.7860000000000005,1.0635299999999999,0.24434,0.0927,6.7010000000000005,1.18306,0.2418,0.08423,6.4520001411438,1.23374843597412,0.21055693924427,0.070983923971653,6.43,1.112,0.125,0.063,6.321000000000001,1.149,0.109,0.054000000000000006,6.18,1.298,0.079,0.856
23,Germany,Western Europe,6.75,1.32792,0.28214,0.21843,6.994,1.44787,0.30451999999999996,0.28551,6.9510002136230495,1.48792338371277,0.33626917004585305,0.276731938123703,6.965,1.34,0.273,0.28,6.985,1.3730000000000002,0.261,0.265,7.155,1.48,0.195,0.46
24,Chile,Latin America and Caribbean,6.67,1.10715,0.33363000000000004,0.12869,6.705,1.2167,0.31595,0.11450999999999999,6.65199995040894,1.25278460979462,0.3266624212265011,0.0822879821062088,6.476,1.131,0.19699999999999998,0.061,6.444,1.159,0.187,0.055999999999999994,6.172000000000001,1.2,0.159,0.83
25,France,Western Europe,6.575,1.27778,0.12332,0.20646,6.478,1.39488,0.1216,0.17808,6.44199991226196,1.43092346191406,0.129762306809425,0.172502428293228,6.489,1.2930000000000001,0.098,0.17600000000000002,6.5920000000000005,1.324,0.111,0.183,6.69,1.421,0.092,0.5710000000000001
26,Argentina,Latin America and Caribbean,6.574,1.05351,0.11450999999999999,0.08484,6.65,1.15137,0.10989000000000002,0.07296,6.59899997711182,1.18529546260834,0.109457060694695,0.05973988771438599,6.388,1.073,0.062,0.054000000000000006,6.086,1.092,0.066,0.05,5.928999999999999,1.162,0.069,0.8340000000000001
27,Czech Republic,Central and Eastern Europe,6.505,1.17898,0.10686,0.02652,6.596,1.30915,0.09929,0.03986,6.60900020599365,1.35268235206604,0.0881067588925362,0.0368729270994663,6.711,1.2329999999999999,0.064,0.034,6.852,1.2690000000000001,0.046,0.036000000000000004,6.965,1.37,0.052000000000000005,0.868
28,Uruguay,Latin America and Caribbean,6.485,1.06166,0.2324,0.24558000000000002,6.545,1.18157,0.18056,0.21394000000000002,6.4539999961853,1.2175596952438401,0.175096929073334,0.17806187272071802,6.379,1.093,0.13,0.155,6.292999999999999,1.124,0.127,0.15,6.431,1.1640000000000001,0.128,0.59
29,Colombia,Latin America and Caribbean,6.477,0.91861,0.18400999999999998,0.0512,6.481,1.0303200000000001,0.15625999999999998,0.053989999999999996,6.35699987411499,1.07062232494354,0.14901447296142598,0.0466687418520451,6.26,0.96,0.099,0.039,6.125,0.985,0.099,0.034,6.0120000000000005,1.021,0.1,0.841
30,Thailand,Southeastern Asia,6.455,0.9669,0.5763,0.031869999999999996,6.474,1.0893,0.58696,0.02833,6.4239997863769505,1.12786877155304,0.572123110294342,0.0316127352416515,6.072,1.016,0.364,0.028999999999999998,6.007999999999999,1.05,0.359,0.027999999999999997,5.985,1.107,0.375,0.895
31,Saudi Arabia,Middle East and Northern Africa,6.4110000000000005,1.39541,0.13706,0.32524000000000003,6.379,1.48953,0.15457,0.30008,6.343999862670901,1.53062355518341,0.147616013884544,0.27343225479126004,6.371,1.379,0.098,0.127,6.375,1.403,0.08,0.132,6.494,1.435,0.09,0.684
32,Spain,Western Europe,6.329,1.23011,0.18227000000000002,0.06398,6.361000000000001,1.34253,0.17665,0.06137000000000001,6.40299987792969,1.38439786434174,0.190133571624756,0.0709140971302986,6.31,1.251,0.142,0.07400000000000001,6.354,1.286,0.153,0.079,6.4910000000000005,1.375,0.135,0.745
33,Malta,Western Europe,6.3020000000000005,1.2074,0.51752,0.13585999999999998,6.4879999999999995,1.30782,0.56237,0.17554,6.52699995040894,1.34327983856201,0.5747305750846861,0.153066068887711,6.627000000000001,1.27,0.376,0.142,6.726,1.3,0.375,0.151,6.602,1.411,0.275,0.653
34,Kuwait,Middle East and Northern Africa,6.295,1.5542200000000002,0.16228,0.25609,6.239,1.61714,0.15965,0.23669,6.10500001907349,1.63295245170593,0.228289797902107,0.21515955030918102,6.082999999999999,1.474,0.16699999999999998,0.106,6.021,1.5,0.142,0.09699999999999999,6.106,1.4609999999999999,0.12,0.736
35,El Salvador,Latin America and Caribbean,6.13,0.76454,0.10692,0.11775999999999999,6.068,0.8737,0.08877,0.10613,6.002999782562259,0.9097844958305359,0.0782579854130745,0.0899809598922729,6.167000000000001,0.8059999999999999,0.065,0.08199999999999999,6.252999999999999,0.794,0.09300000000000001,0.07400000000000001,6.061,0.845,0.11599999999999999,0.688
36,Guatemala,Latin America and Caribbean,6.122999999999999,0.74553,0.27489,0.09472,6.324,0.83454,0.28808,0.08701,6.4539999961853,0.872001945972443,0.283488392829895,0.0772232785820961,6.382000000000001,0.7809999999999999,0.179,0.071,6.436,0.8,0.175,0.078,6.435,0.845,0.163,0.775
37,Uzbekistan,Central and Eastern Europe,6.002999999999999,0.63244,0.22837,0.30826,5.987,0.7359100000000001,0.34326,0.28333,5.97100019454956,0.786441087722778,0.41598364710807795,0.246528223156929,6.096,0.7190000000000001,0.32799999999999996,0.259,6.1739999999999995,0.745,0.322,0.24,6.178999999999999,0.769,0.391,0.515
38,Slovakia,Central and Eastern Europe,5.995,1.1689100000000001,0.16893,0.03431,6.077999999999999,1.27973,0.13837,0.02947,6.09800004959106,1.32539355754852,0.136544480919838,0.0242108516395092,6.172999999999999,1.21,0.11800000000000001,0.013999999999999999,6.1979999999999995,1.246,0.121,0.013999999999999999,6.331,1.304,0.107,0.9109999999999999
39,Japan,Eastern Asia,5.987,1.27074,0.10705,0.1806,5.921,1.3800700000000001,0.10224,0.18985,5.92000007629395,1.41691517829895,0.12057276815175999,0.163760736584663,5.915,1.294,0.079,0.15,5.886,1.327,0.069,0.14,5.94,1.389,0.02,0.638
40,South Korea,Eastern Asia,5.984,1.24461,0.18557,0.07857,5.835,1.35948,0.18824000000000002,0.07716,5.837999820709231,1.40167844295502,0.206674367189407,0.0632826685905457,5.875,1.266,0.175,0.051,5.895,1.301,0.175,0.055999999999999994,5.845,1.403,0.134,0.727
41,Ecuador,Latin America and Caribbean,5.975,0.8640200000000001,0.11540999999999998,0.1809,5.976,0.97306,0.10074,0.18037,6.00799989700317,1.00082039833069,0.15011246502399403,0.140134647488594,5.973,0.889,0.114,0.12,6.028,0.912,0.126,0.087,5.763999999999999,0.935,0.107,0.843
42,Bahrain,Middle East and Northern Africa,5.96,1.32376,0.17362,0.306,6.218,1.44024,0.17147,0.25772,6.08699989318848,1.4884122610092199,0.17266848683357197,0.257042169570923,6.105,1.338,0.243,0.12300000000000001,6.199,1.3619999999999999,0.255,0.11,6.647,1.409,0.24600000000000002,0.722
43,Italy,Western Europe,5.9479999999999995,1.25114,0.22823000000000002,0.02901,5.977,1.35495,0.16684000000000002,0.02556,5.96400022506714,1.3950666189193701,0.17278964817523998,0.0280280914157629,6.0,1.264,0.13699999999999998,0.027999999999999997,6.223,1.294,0.158,0.03,6.483,1.393,0.133,0.866
44,Bolivia,Latin America and Caribbean,5.89,0.68133,0.20536,0.08800000000000001,5.822,0.79422,0.21698,0.07746,5.82299995422363,0.833756566047668,0.22556072473526,0.0604777261614799,5.752000000000001,0.7509999999999999,0.141,0.054000000000000006,5.779,0.7759999999999999,0.13699999999999998,0.064,5.716,0.8420000000000001,0.138,0.8390000000000001
45,Moldova,Central and Eastern Europe,5.888999999999999,0.59448,0.20951,0.01615,5.897,0.69177,0.19997,0.019030000000000002,5.837999820709231,0.7288706302642819,0.20877912640571603,0.0100912861526012,5.64,0.657,0.171,0.0,5.529,0.685,0.18100000000000002,0.0,5.766,0.985,0.13699999999999998,0.9179999999999999
46,Paraguay,Latin America and Caribbean,5.877999999999999,0.75985,0.3424,0.08242000000000001,5.537999999999999,0.8937299999999999,0.25296,0.07396,5.493000030517581,0.932537317276001,0.224150657653809,0.091065913438797,5.681,0.835,0.162,0.07400000000000001,5.742999999999999,0.855,0.184,0.08,5.653,0.983,0.20600000000000002,0.882
47,Kazakhstan,Central and Eastern Europe,5.855,1.1225399999999999,0.11827,0.08454,5.919,1.22943,0.15011,0.11132,5.8189997673034695,1.2845562696456898,0.20196442306041698,0.11928288638591802,5.79,1.143,0.14800000000000002,0.121,5.809,1.173,0.146,0.096,6.152,1.23,0.14300000000000002,0.733
48,Slovenia,Central and Eastern Europe,5.848,1.18498,0.25328,0.03787,5.768,1.2994700000000001,0.25738,0.03635,5.75799989700317,1.3412059545516999,0.242649093270302,0.0451289787888527,5.9479999999999995,1.219,0.16,0.051,6.117999999999999,1.258,0.14400000000000002,0.057,6.461,1.36,0.122,0.8059999999999999
49,Lithuania,Central and Eastern Europe,5.832999999999999,1.14723,0.026410000000000003,0.01031,5.813,1.2692,0.02025,0.0182,5.90199995040894,1.3145823478698702,0.010164656676352,0.0118656428530812,5.952000000000001,1.197,0.026000000000000002,0.006,6.149,1.238,0.043,0.042,6.255,1.35,0.055999999999999994,0.826
50,Nicaragua,Latin America and Caribbean,5.827999999999999,0.59325,0.27815,0.19317,5.992000000000001,0.69384,0.29773,0.16292,6.07100009918213,0.737299203872681,0.301674216985703,0.130687981843948,6.141,0.6679999999999999,0.20800000000000002,0.128,6.105,0.6940000000000001,0.2,0.127,5.972,0.693,0.201,0.664
51,Peru,Latin America and Caribbean,5.824,0.9001899999999999,0.14982,0.05989,5.742999999999999,0.9960200000000001,0.14527,0.05292,5.71500015258789,1.0352252721786501,0.126819714903831,0.0470490865409374,5.662999999999999,0.934,0.092,0.034,5.697,0.96,0.083,0.027000000000000003,5.84,0.986,0.087,0.8909999999999999
52,Belarus,Central and Eastern Europe,5.813,1.0319200000000002,0.11045999999999999,0.1909,5.8020000000000005,1.1306200000000002,0.13942000000000002,0.17457,5.5689997673034695,1.15655755996704,0.15513750910759,0.156313821673393,5.483,1.0390000000000001,0.10099999999999999,0.154,5.3229999999999995,1.067,0.094,0.142,5.534,1.124,0.07,0.627
53,Poland,Central and Eastern Europe,5.791,1.12555,0.16759000000000002,0.04212,5.835,1.24585,0.14443,0.055,5.97300004959106,1.29178786277771,0.158465966582298,0.0593078061938286,6.122999999999999,1.176,0.10800000000000001,0.064,6.182,1.206,0.11699999999999999,0.05,6.166,1.3090000000000002,0.08,0.735
54,Malaysia,Southeastern Asia,5.77,1.12486,0.33075,0.10500999999999999,6.005,1.25142,0.41473999999999994,0.09081,6.08400011062622,1.29121541976929,0.416608929634094,0.0656007081270218,6.322,1.161,0.311,0.059000000000000004,5.3389999999999995,1.2209999999999999,0.26,0.024,5.3839999999999995,1.2590000000000001,0.27,0.8390000000000001
55,Croatia,Central and Eastern Europe,5.7589999999999995,1.08254,0.054439999999999995,0.0243,5.4879999999999995,1.18649,0.18434,0.04002,5.2930002212524405,1.22255623340607,0.248002976179123,0.0431031100451946,5.321000000000001,1.115,0.12,0.039,5.432,1.155,0.11900000000000001,0.022000000000000002,5.882000000000001,1.251,0.111,0.9390000000000001
56,Libya,Middle East and Northern Africa,5.754,1.13145,0.18295,0.11023,5.615,1.0668799999999998,0.17087,0.10339000000000001,5.525000095367429,1.1018030643463101,0.15207366645336198,0.0926102101802826,5.566,0.985,0.11599999999999999,0.14800000000000002,5.525,1.044,0.133,0.152,5.41,1.044,0.131,0.667
57,Russia,Central and Eastern Europe,5.716,1.13764,0.00199,0.03005,5.856,1.2322799999999998,0.027360000000000002,0.03586,5.962999820709231,1.28177809715271,0.0522638224065304,0.0329628810286522,5.81,1.151,0.065,0.025,5.648,1.183,0.08199999999999999,0.031,5.477,1.2409999999999999,0.115,0.845
58,Jamaica,Latin America and Caribbean,5.709,0.81038,0.2123,0.02299,5.51,0.89333,0.22245,0.04294,5.31099987030029,0.925579309463501,0.23381833732128102,0.0552677810192108,5.89,0.8190000000000001,0.096,0.031,5.89,0.831,0.107,0.027999999999999997,6.309,0.8909999999999999,0.099,0.884
59,Cyprus,Western Europe,5.689,1.20813,0.30638000000000004,0.06146,5.546,1.31857,0.27906,0.05227999999999999,5.62099981307983,1.3559380769729599,0.271254301071167,0.0412379764020443,5.7620000000000005,1.229,0.20199999999999999,0.035,6.046,1.263,0.19,0.040999999999999995,6.223,1.3769999999999998,0.17800000000000002,0.8440000000000001
60,Algeria,Middle East and Northern Africa,5.605,0.93929,0.07822,0.17382999999999998,6.355,1.05266,0.07044,0.16157,5.872000217437741,1.09186446666718,0.0694366469979286,0.14609611034393302,5.295,0.9790000000000001,0.055,0.135,5.211,1.002,0.073,0.114,4.887,0.946,0.14400000000000002,0.752
61,Kosovo,Central and Eastern Europe,5.5889999999999995,0.80148,0.2831,0.04741,5.401,0.90145,0.27992,0.06547,5.27899980545044,0.951484382152557,0.319931447505951,0.0574716180562973,5.662000000000001,0.855,0.27399999999999997,0.023,6.1,0.882,0.262,0.006,6.372000000000001,0.937,0.35600000000000004,0.917
62,Turkmenistan,Central and Eastern Europe,5.547999999999999,0.95847,0.16979,0.30844,5.6579999999999995,1.08017,0.22566999999999998,0.28467,5.82200002670288,1.1307767629623402,0.24992498755454998,0.25927034020423895,5.636,1.016,0.19899999999999998,0.037000000000000005,5.247000000000001,1.052,0.244,0.027999999999999997,5.066,1.046,0.366,0.888
63,Mauritius,Sub-Saharan Africa,5.477,1.0076100000000001,0.37744,0.07521,5.648,1.14372,0.36951,0.05202999999999999,5.62900018692017,1.1893955469131499,0.360933750867844,0.0421815551817417,5.891,1.09,0.245,0.05,5.888,1.12,0.215,0.06,6.0489999999999995,1.178,0.153,0.789
64,Estonia,Central and Eastern Europe,5.428999999999999,1.15174,0.0868,0.15184,5.517,1.2796399999999999,0.08423,0.18519000000000002,5.61100006103516,1.3208793401718102,0.0988908112049103,0.18324892222881303,5.739,1.2,0.086,0.174,5.893,1.237,0.10300000000000001,0.161,6.189,1.344,0.11900000000000001,0.527
65,Indonesia,Southeastern Asia,5.399,0.8282700000000001,0.51535,0.0,5.314,0.95104,0.56521,0.00322,5.26200008392334,0.995538592338562,0.611704587936401,0.0153171354904771,5.093,0.899,0.484,0.018000000000000002,5.192,0.9309999999999999,0.498,0.027999999999999997,5.345,0.9540000000000001,0.541,0.867
66,Vietnam,Southeastern Asia,5.36,0.63216,0.1686,0.10440999999999999,5.061,0.74037,0.25075,0.11556,5.07399988174438,0.7885475754737851,0.23496805131435397,0.0876332372426987,5.103,0.715,0.177,0.079,5.175,0.741,0.147,0.073,5.4110000000000005,0.8170000000000001,0.124,0.7959999999999999
67,Turkey,Middle East and Northern Africa,5.332000000000001,1.06098,0.12253,0.15746,5.388999999999999,1.1649200000000002,0.04707,0.12347999999999999,5.5,1.1982743740081798,0.0466930419206619,0.0996715798974037,5.483,1.148,0.106,0.109,5.372999999999999,1.183,0.083,0.106,4.948,1.26,0.09699999999999999,0.7759999999999999
68,Kyrgyzstan,Central and Eastern Europe,5.2860000000000005,0.47428000000000003,0.3003,0.042319999999999997,5.185,0.5604399999999999,0.38432,0.047619999999999996,5.0040001869201705,0.5962200760841371,0.42858037352562,0.0394391790032387,5.131,0.53,0.281,0.035,5.261,0.551,0.3,0.023,5.744,0.665,0.266,0.9079999999999999
69,Nigeria,Sub-Saharan Africa,5.268,0.65435,0.27233,0.0403,4.875,0.75216,0.23219,0.0305,5.07399988174438,0.783756256103516,0.23094719648361198,0.0261215660721064,5.155,0.6890000000000001,0.201,0.032,5.265,0.696,0.215,0.040999999999999995,4.7589999999999995,0.6629999999999999,0.212,0.878
70,Azerbaijan,Central and Eastern Europe,5.212000000000001,1.02389,0.07799,0.16065,5.291,1.12373,0.0564,0.17914000000000002,5.234000205993651,1.1536017656326298,0.0452693402767181,0.180987507104874,5.2010000000000005,1.024,0.031,0.17600000000000002,5.207999999999999,1.043,0.035,0.182,5.171,1.025,0.043,0.506
71,Pakistan,Southern Asia,5.194,0.59543,0.33671,0.10464000000000001,5.132000000000001,0.68816,0.31185,0.1388,5.26900005340576,0.7268835306167599,0.31544601917266807,0.12434806674718901,5.472,0.652,0.21600000000000003,0.113,5.653,0.677,0.22,0.098,4.934,0.637,0.252,0.787
72,Jordan,Middle East and Northern Africa,5.192,0.9019799999999999,0.11052999999999999,0.14293,5.303,0.9967299999999999,0.14262,0.13297,5.33599996566772,0.9910123944282528,0.17217046022415197,0.11980327218771002,5.1610000000000005,0.8220000000000001,0.13,0.134,4.906000000000001,0.8370000000000001,0.11,0.13,4.395,0.89,0.079,0.705
73,Montenegro,Central and Eastern Europe,5.192,0.9743799999999999,0.1614,0.14296,5.1610000000000005,1.07838,0.17190999999999998,0.12721,5.23699998855591,1.12112903594971,0.197911024093628,0.0881741940975189,5.347,1.0170000000000001,0.111,0.081,5.523,1.051,0.142,0.08,5.581,1.155,0.166,0.812
74,China,Eastern Asia,5.14,0.89012,0.08185,0.02781,5.245,1.0278,0.049589999999999995,0.02745,5.2729997634887695,1.08116579055786,0.0288068410009146,0.0227942746132612,5.246,0.9890000000000001,0.028999999999999998,0.10300000000000001,5.191,1.0290000000000001,0.057999999999999996,0.1,5.3389999999999995,1.061,0.09300000000000001,0.755
75,Zambia,Sub-Saharan Africa,5.129,0.47038,0.19591,0.12468,4.795,0.61202,0.17865999999999999,0.11479,4.513999938964839,0.6364067792892459,0.249580144882202,0.0782135501503944,4.377,0.562,0.221,0.08199999999999999,4.107,0.578,0.247,0.087,4.073,0.528,0.22699999999999998,0.823
76,Romania,Central and Eastern Europe,5.124,1.04345,0.13748,0.006490000000000001,5.528,1.1697,0.12889,0.006790000000000001,5.824999809265139,1.21768391132355,0.133519917726517,0.0043879006989300294,5.945,1.1159999999999999,0.08800000000000001,0.001,6.07,1.162,0.083,0.005,6.14,1.275,0.045,0.938
77,Serbia,Central and Eastern Europe,5.122999999999999,0.92053,0.19230999999999998,0.02617,5.1770000000000005,1.03437,0.20736999999999997,0.04339,5.39499998092651,1.06931757926941,0.22012588381767298,0.0409037806093693,5.398,0.975,0.134,0.043,5.603,1.004,0.13699999999999998,0.039,6.077999999999999,1.101,0.18899999999999997,0.835
78,Portugal,Western Europe,5.102,1.15991,0.13719,0.01078,5.122999999999999,1.27607,0.11690999999999999,0.01521,5.19500017166138,1.3151752948761002,0.0951027125120163,0.0158694516867399,5.41,1.188,0.055,0.017,5.693,1.2209999999999999,0.047,0.025,5.928999999999999,1.3230000000000002,0.028999999999999998,0.887
79,Latvia,Central and Eastern Europe,5.098,1.11312,0.18225999999999998,0.06332,5.56,1.2178799999999999,0.17445,0.0889,5.849999904632571,1.26074862480164,0.153074786067009,0.0738427266478539,5.933,1.148,0.092,0.066,5.94,1.187,0.075,0.064,6.032,1.285,0.08199999999999999,0.8
80,Philippines,Southeastern Asia,5.073,0.70532,0.24991,0.12279000000000001,5.279,0.81217,0.21674000000000002,0.11757000000000001,5.42999982833862,0.85769921541214,0.193513423204422,0.0993318930268288,5.524,0.775,0.12,0.105,5.631,0.807,0.11699999999999999,0.107,5.88,0.853,0.125,0.742
81,Morocco,Middle East and Northern Africa,5.013,0.7347899999999999,0.07172,0.08546000000000001,5.151,0.8405799999999999,0.040530000000000004,0.08404,5.2350001335144,0.8781145811080929,0.0322099551558495,0.0877631828188896,5.254,0.779,0.026000000000000002,0.07400000000000001,5.207999999999999,0.8009999999999999,0.036000000000000004,0.076,4.918,0.792,0.034,0.8009999999999999
82,Albania,Central and Eastern Europe,4.959,0.8786700000000001,0.14272,0.06412999999999999,4.655,0.9553,0.1684,0.05301,4.64400005340576,0.996192753314972,0.20131294429302202,0.0398642159998417,4.586,0.9159999999999999,0.149,0.032,4.718999999999999,0.9470000000000001,0.17800000000000002,0.027000000000000003,5.117,1.008,0.168,0.9009999999999999
83,Bosnia and Herzegovina,Central and Eastern Europe,4.949,0.8322299999999999,0.24808000000000002,0.00227,5.162999999999999,0.9338299999999999,0.29889,0.0,5.18200016021729,0.982409417629242,0.328867495059967,0.0,5.129,0.915,0.21600000000000003,0.0,5.386,0.945,0.263,0.006,5.813,1.032,0.261,0.9309999999999999
84,Dominican Republic,Latin America and Caribbean,4.885,0.8953700000000001,0.21684,0.14234000000000002,5.155,1.02787,0.21286,0.12372000000000001,5.230000019073491,1.07937383651733,0.186967849731445,0.113945253193378,5.3020000000000005,0.982,0.12,0.106,5.425,1.015,0.113,0.10099999999999999,5.545,1.1059999999999999,0.10099999999999999,0.7140000000000001
85,Mongolia,Eastern Asia,4.874,0.82819,0.3323,0.026660000000000003,4.907,0.9885299999999999,0.34539000000000003,0.03285,4.95499992370605,1.0272358655929599,0.338464230298996,0.0329022891819477,5.125,0.914,0.253,0.032,5.285,0.948,0.235,0.038,5.6770000000000005,0.966,0.263,0.856
86,Greece,Western Europe,4.857,1.15406,0.0,0.013969999999999998,5.033,1.24886,0.0,0.04127,5.2270002365112305,1.28948748111725,0.0,0.043289776891470004,5.358,1.1540000000000001,0.0,0.044000000000000004,5.287000000000001,1.181,0.0,0.034,5.723,1.273,0.0,0.823
87,Lebanon,Middle East and Northern Africa,4.8389999999999995,1.0256399999999999,0.21854,0.04582,5.129,1.12268,0.23693000000000003,0.030610000000000002,5.22499990463257,1.07498753070831,0.26445075869560203,0.037513829767704,5.358,0.965,0.214,0.136,5.197,0.987,0.166,0.027000000000000003,4.584,1.045,0.14,0.898
88,Hungary,Central and Eastern Europe,4.8,1.12094,0.128,0.02758,5.145,1.24142,0.099,0.044719999999999996,5.32399988174438,1.2860119342803997,0.0784016624093056,0.0366369374096394,5.62,1.171,0.061,0.022000000000000002,5.757999999999999,1.2009999999999998,0.081,0.02,5.992000000000001,1.301,0.067,0.8759999999999999
89,Honduras,Latin America and Caribbean,4.788,0.59532,0.23026999999999997,0.06825,4.871,0.69429,0.2044,0.06906,5.1810002326965305,0.730573117733002,0.23618887364864302,0.0733454525470734,5.504,0.62,0.19699999999999998,0.07400000000000001,5.86,0.642,0.24600000000000002,0.078,5.919,0.703,0.24100000000000002,0.809
90,Tajikistan,Central and Eastern Europe,4.7860000000000005,0.39047,0.22974,0.15072,4.996,0.48835,0.25998000000000004,0.13509000000000002,5.04099988937378,0.524713635444641,0.24899764358997303,0.14637714624404902,5.199,0.474,0.187,0.034,5.4670000000000005,0.493,0.23,0.14400000000000002,5.466,0.508,0.152,0.5529999999999999
91,Tunisia,Middle East and Northern Africa,4.739,0.88113,0.06431,0.06358,5.045,0.97724,0.03936,0.0817,4.80499982833862,1.00726580619812,0.0496933571994305,0.0867231488227844,4.592,0.9,0.04,0.063,4.461,0.9209999999999999,0.059000000000000004,0.055,4.596,0.919,0.057,0.87
92,Palestinian Territories,Middle East and Northern Africa,4.715,0.59867,0.11250999999999999,0.12905,4.754,0.67024,0.11154000000000001,0.10613,4.77500009536743,0.716249227523804,0.114173173904419,0.0892826020717621,4.743,0.642,0.086,0.076,4.696000000000001,0.657,0.10300000000000001,0.066,4.5169999999999995,0.6459999999999999,0.08199999999999999,0.821
93,Bangladesh,Southern Asia,4.694,0.39753,0.21222,0.12569,4.643,0.54177,0.19132000000000002,0.12583,4.60799980163574,0.586682975292206,0.17225535213947304,0.123717859387398,4.5,0.532,0.153,0.14400000000000002,4.456,0.562,0.166,0.14300000000000002,5.025,0.635,0.161,0.682
94,Iran,Middle East and Northern Africa,4.686,1.0088,0.38086,0.058629999999999995,4.813,1.11758,0.38538,0.0557,4.69199991226196,1.15687310695648,0.387242913246155,0.048761073499918005,4.707,1.0590000000000002,0.282,0.129,4.548,1.1,0.27,0.125,4.721,1.03,0.33,0.7140000000000001
95,Ukraine,Central and Eastern Europe,4.681,0.79907,0.15275,0.02961,4.324,0.87287,0.20363,0.01829,4.09600019454956,0.89465194940567,0.270061463117599,0.0230294708162546,4.103,0.7929999999999999,0.187,0.011000000000000001,4.332,0.82,0.187,0.01,4.875,0.9790000000000001,0.18100000000000002,0.924
96,Iraq,Middle East and Northern Africa,4.677,0.98549,0.17922000000000002,0.13788,4.575,1.07474,0.19589,0.13635999999999998,4.49700021743774,1.1027104854583702,0.19963726401329,0.10721575468778599,4.456,1.01,0.14800000000000002,0.095,4.437,1.043,0.14800000000000002,0.08900000000000001,4.854,0.91,0.153,0.875
97,South Africa,Sub-Saharan Africa,4.6419999999999995,0.9204899999999999,0.11972999999999999,0.08884,4.459,1.02416,0.13656,0.08415,4.8289999961853,1.05469870567322,0.13936237990856198,0.0725094974040985,4.724,0.94,0.10300000000000001,0.055999999999999994,4.7219999999999995,0.96,0.13,0.055,4.956,0.9670000000000001,0.14400000000000002,0.86
98,Ghana,Sub-Saharan Africa,4.633,0.5455800000000001,0.23087,0.04355,4.276,0.63107,0.21203000000000002,0.0326,4.11999988555908,0.667224824428558,0.25692394375801103,0.0253363698720932,4.657,0.5920000000000001,0.212,0.028999999999999998,4.996,0.611,0.245,0.04,5.088,0.68,0.268,0.848
99,Zimbabwe,Sub-Saharan Africa,4.61,0.271,0.18987,0.08079,4.1930000000000005,0.35041,0.18503,0.08582000000000001,3.875,0.37584653496742204,0.189143493771553,0.0953753814101219,3.6919999999999997,0.35700000000000004,0.132,0.099,3.6630000000000003,0.366,0.151,0.08900000000000001,3.145,0.457,0.157,0.821
100,Liberia,Sub-Saharan Africa,4.571000000000001,0.0712,0.24361999999999998,0.06232000000000001,3.622,0.10705999999999999,0.24063,0.04852,3.5329999923706095,0.11904179304838199,0.26654988527298,0.0389482490718365,3.495,0.076,0.20600000000000002,0.03,3.975,0.073,0.233,0.033,4.625,0.228,0.221,0.85
101,India,Southern Asia,4.565,0.64499,0.26475,0.08492000000000001,4.404,0.74036,0.25028,0.08722,4.31500005722046,0.7922212481498722,0.23153848946094502,0.0922268852591515,4.19,0.721,0.172,0.09300000000000001,4.015,0.755,0.2,0.085,3.819,0.741,0.24600000000000002,0.774
102,Haiti,Latin America and Caribbean,4.518,0.26673,0.46187,0.17175,4.0280000000000005,0.34097,0.47958,0.14476,3.6029999256133998,0.368610262870789,0.48920378088951094,0.0998721495270729,3.582,0.315,0.392,0.10400000000000001,3.597,0.32299999999999995,0.419,0.11,3.615,0.294,0.46299999999999997,0.721
103,Nepal,Southern Asia,4.513999999999999,0.35996999999999996,0.32295999999999997,0.059070000000000004,4.793,0.44626000000000005,0.3816,0.07007999999999999,4.961999893188481,0.479820191860199,0.39409616589546204,0.0729755461215973,4.88,0.425,0.302,0.078,4.913,0.446,0.285,0.08900000000000001,5.269,0.519,0.287,0.727
104,Ethiopia,Sub-Saharan Africa,4.512,0.19072999999999998,0.24325,0.15048,4.508,0.29283000000000003,0.29522,0.1717,4.46000003814697,0.339233845472336,0.31265074014663696,0.16545571386814098,4.35,0.308,0.22,0.146,4.2860000000000005,0.336,0.209,0.1,4.275,0.37,0.24100000000000002,0.7609999999999999
105,Sierra Leone,Sub-Saharan Africa,4.507,0.33024000000000003,0.21488000000000002,0.08786000000000001,4.635,0.36485,0.23897,0.08196,4.70900011062622,0.36842092871666,0.293040901422501,0.0710951760411263,4.571000000000001,0.256,0.23800000000000002,0.053,4.374,0.268,0.252,0.045,3.8489999999999998,0.27899999999999997,0.243,0.866
106,Mauritania,Sub-Saharan Africa,4.436,0.45407,0.21899999999999997,0.17461,4.2010000000000005,0.6139100000000001,0.22685999999999998,0.17955,4.29199981689453,0.6484572887420649,0.201870024204254,0.136957004666328,4.356,0.557,0.134,0.09300000000000001,4.49,0.57,0.106,0.08800000000000001,4.227,0.6659999999999999,0.11900000000000001,0.731
107,Kenya,Sub-Saharan Africa,4.419,0.36471,0.37542,0.05839,4.356,0.52267,0.41328000000000004,0.06686,4.55299997329712,0.560479462146759,0.444860309362411,0.0646413192152977,4.41,0.493,0.35200000000000004,0.055,4.5089999999999995,0.512,0.37200000000000005,0.053,4.607,0.603,0.375,0.825
108,Armenia,Central and Eastern Europe,4.35,0.7682100000000001,0.07855,0.039,4.36,0.8608600000000001,0.07793,0.036160000000000005,4.37599992752075,0.900596737861633,0.0834880918264389,0.0266744215041399,4.321000000000001,0.816,0.077,0.027999999999999997,4.559,0.85,0.095,0.064,5.2829999999999995,0.996,0.079,0.629
109,Botswana,Sub-Saharan Africa,4.332,0.99355,0.10461,0.12474,3.9739999999999998,1.09426,0.12425,0.10769000000000001,3.7660000324249303,1.12209415435791,0.0993484482169151,0.0985831990838051,3.59,1.0170000000000001,0.042,0.092,3.488,1.041,0.025,0.1,3.467,1.099,0.027000000000000003,0.8009999999999999
110,Myanmar,Southeastern Asia,4.3069999999999995,0.27108000000000004,0.79588,0.19034,4.395,0.34112,0.81971,0.20243,4.54500007629395,0.36711055040359497,0.8380751609802249,0.188816204667091,4.308,0.682,0.598,0.17800000000000002,4.36,0.71,0.5660000000000001,0.172,4.426,0.6659999999999999,0.52,0.66
111,Georgia,Central and Eastern Europe,4.297,0.7419,0.055470000000000005,0.38331,4.252,0.8379200000000001,0.06786,0.3188,4.28599977493286,0.950612664222717,0.0540088154375553,0.25166663527488703,4.34,0.853,0.038,0.215,4.519,0.8859999999999999,0.043,0.16399999999999998,4.891,1.03,0.032,0.655
112,Malawi,Sub-Saharan Africa,4.292,0.016040000000000002,0.33128,0.06977,4.156000000000001,0.08709,0.30968,0.07564,3.97000002861023,0.233442038297653,0.28717046976089505,0.0727116540074348,3.5869999999999997,0.18600000000000003,0.21,0.08,3.41,0.191,0.218,0.08900000000000001,3.6,0.113,0.213,0.7290000000000001
113,Sri Lanka,Southern Asia,4.271,0.83524,0.40828000000000003,0.09179,4.415,0.9731799999999999,0.46978000000000003,0.07964,4.44000005722046,1.00985014438629,0.49086356163024897,0.0736539661884308,4.471,0.9179999999999999,0.307,0.05,4.3660000000000005,0.9490000000000001,0.244,0.047,4.325,0.99,0.239,0.863
114,Cameroon,Sub-Saharan Africa,4.252,0.4225,0.20618000000000003,0.05786,4.513,0.5249699999999999,0.2268,0.06126,4.69500017166138,0.564305365085602,0.23629845678806302,0.0513066314160824,4.975,0.535,0.183,0.043,5.044,0.5489999999999999,0.187,0.037000000000000005,5.142,0.5429999999999999,0.205,0.848
115,Bulgaria,Central and Eastern Europe,4.218,1.01216,0.11921,0.00872,4.217,1.11306,0.12793,0.00615,4.71400022506714,1.1614590883255,0.113177694380283,0.0110515309497714,4.933,1.054,0.064,0.009000000000000001,5.011,1.092,0.081,0.004,5.266,1.181,0.125,0.932
116,Egypt,Middle East and Northern Africa,4.194,0.8818,0.11291,0.06324,4.362,0.95395,0.12705999999999998,0.10393,4.7350001335144,0.989701807498932,0.128631442785263,0.114381365478039,4.419,0.885,0.092,0.107,4.166,0.9129999999999999,0.076,0.067,4.283,0.9540000000000001,0.069,0.795
117,Yemen,Middle East and Northern Africa,4.077,0.5464899999999999,0.09131,0.07854,3.7239999999999998,0.57939,0.09821,0.05892000000000001,3.59299993515015,0.5916834473609921,0.104125209152699,0.0567674227058887,3.355,0.442,0.083,0.064,3.38,0.287,0.10800000000000001,0.077,3.658,0.32899999999999996,0.092,0.8
118,Mali,Sub-Saharan Africa,3.995,0.26074,0.18798,0.12352,4.073,0.31292,0.21064000000000002,0.13647,4.19000005722046,0.476180493831635,0.183354198932648,0.10497024655342098,4.447,0.37,0.139,0.055999999999999994,4.39,0.385,0.153,0.052000000000000005,4.723,0.387,0.16399999999999998,0.8270000000000001
119,Congo (Brazzaville),Sub-Saharan Africa,3.989,0.67866,0.12387999999999999,0.11685999999999999,4.236000000000001,0.7710899999999999,0.12077,0.09752999999999999,4.29099988937378,0.8089642524719242,0.12085212767124198,0.0796181336045265,4.559,0.682,0.091,0.077,4.812,0.6729999999999999,0.105,0.09300000000000001,5.3420000000000005,0.518,0.14400000000000002,0.745
120,Uganda,Sub-Saharan Africa,3.931,0.21101999999999999,0.29066,0.07267,3.739,0.34719,0.27102,0.06442,4.08099985122681,0.381430715322495,0.32576605677604703,0.057069718837738,4.1610000000000005,0.322,0.259,0.061,4.189,0.332,0.252,0.06,4.636,0.364,0.267,0.855
121,Senegal,Sub-Saharan Africa,3.904,0.36498,0.20843000000000003,0.10712999999999999,4.218999999999999,0.44314,0.19103,0.11681,4.53499984741211,0.479309022426605,0.183468893170357,0.11546044796705199,4.631,0.429,0.138,0.08199999999999999,4.681,0.45,0.153,0.07200000000000001,5.132000000000001,0.518,0.158,0.8009999999999999
122,Gabon,Sub-Saharan Africa,3.8960000000000004,1.06024,0.06822,0.11091,4.121,1.15851,0.062439999999999996,0.09314,4.46500015258789,1.1982102394104,0.0437853783369064,0.0760467872023582,4.758,1.036,0.032,0.052000000000000005,4.7989999999999995,1.057,0.043,0.055,4.852,1.037,0.057999999999999996,0.84
123,Niger,Sub-Saharan Africa,3.845,0.0694,0.19387000000000001,0.15639,3.8560000000000003,0.1327,0.2097,0.17176,4.02799987792969,0.16192533075809498,0.22867384552955602,0.13857294619083402,4.166,0.131,0.175,0.099,4.628,0.138,0.188,0.102,5.074,0.162,0.2,0.693
124,Cambodia,Southeastern Asia,3.819,0.46038,0.40359,0.07247,3.907,0.55604,0.40339,0.08092,4.1680002212524405,0.6017650961875921,0.385922968387604,0.0681059509515762,4.433,0.5489999999999999,0.256,0.065,4.7,0.574,0.23199999999999998,0.062,4.83,0.603,0.21,0.843
125,Tanzania,Sub-Saharan Africa,3.781,0.2852,0.34376999999999996,0.05747000000000001,3.6660000000000004,0.47155,0.31472,0.05099,3.34899997711182,0.511135876178741,0.354256361722946,0.0660351067781448,3.303,0.455,0.27,0.09699999999999999,3.2310000000000003,0.47600000000000003,0.276,0.147,3.623,0.433,0.307,0.5770000000000001
126,Madagascar,Sub-Saharan Africa,3.681,0.20824,0.21333000000000002,0.08123999999999999,3.695,0.27954,0.2204,0.07506,3.64400005340576,0.305808693170547,0.208732530474663,0.0672319754958153,3.7739999999999996,0.262,0.155,0.049,3.9330000000000003,0.27399999999999997,0.16899999999999998,0.040999999999999995,4.208,0.266,0.185,0.8029999999999999
127,Chad,Sub-Saharan Africa,3.667,0.34193,0.18386,0.05269,3.763,0.42213999999999996,0.18667,0.04952,3.9360001087188703,0.43801298737525896,0.21611385047435802,0.0535818822681904,4.301,0.358,0.18100000000000002,0.06,4.35,0.35,0.198,0.078,4.355,0.255,0.215,0.807
128,Guinea,Sub-Saharan Africa,3.656,0.17417,0.28657,0.12139000000000001,3.6069999999999998,0.22415,0.29914,0.1192,3.50699996948242,0.24454993009567302,0.264815092086792,0.110937617719173,3.964,0.344,0.185,0.094,4.534,0.38,0.207,0.086,4.984,0.42,0.25,0.7659999999999999
129,Ivory Coast,Sub-Saharan Africa,3.655,0.46534,0.20165,0.17922000000000002,3.9160000000000004,0.55507,0.20338,0.1553,4.17999982833862,0.6030489206314089,0.201237469911575,0.130061775445938,4.671,0.541,0.146,0.10300000000000001,4.944,0.569,0.154,0.09,5.306,0.669,0.177,0.794
130,Burkina Faso,Sub-Saharan Africa,3.5869999999999997,0.25811999999999996,0.21746999999999997,0.12832000000000002,3.739,0.31995,0.24353000000000002,0.12533,4.03200006484985,0.35022771358490007,0.250864684581757,0.12032810598611803,4.4239999999999995,0.314,0.175,0.128,4.587,0.331,0.177,0.113,4.834,0.364,0.182,0.748
131,Afghanistan,Southern Asia,3.575,0.31982,0.3651,0.09719,3.36,0.38227,0.31268,0.07112,3.7939999103546103,0.401477217674255,0.311870932579041,0.0611578300595284,3.6319999999999997,0.332,0.191,0.036000000000000004,3.2030000000000003,0.35,0.158,0.025,2.523,0.37,0.122,0.924
132,Rwanda,Sub-Saharan Africa,3.465,0.22208000000000003,0.22628,0.55191,3.515,0.32846,0.23551999999999998,0.50521,3.47099995613098,0.368745893239975,0.25275602936744695,0.455220013856888,3.408,0.332,0.2,0.444,3.3339999999999996,0.359,0.217,0.41100000000000003,3.415,0.364,0.22699999999999998,0.16699999999999998
133,Benin,Sub-Saharan Africa,3.34,0.28665,0.1826,0.0801,3.484,0.39499,0.2018,0.06681000000000001,3.65700006484985,0.43108540773391707,0.207948461174965,0.0609290152788162,4.141,0.37799999999999995,0.163,0.067,4.883,0.39299999999999996,0.175,0.08199999999999999,5.045,0.507,0.166,0.6609999999999999
134,Burundi,Sub-Saharan Africa,2.905,0.0153,0.19727,0.10062,2.905,0.06831,0.2029,0.09419,2.90499997138977,0.09162256866693501,0.20443518459796897,0.0841479450464249,2.905,0.091,0.149,0.076,3.775,0.046,0.17600000000000002,0.18,3.775,0.0,0.172,0.607
135,Togo,Sub-Saharan Africa,2.839,0.20868,0.16680999999999999,0.10730999999999999,3.303,0.28123000000000004,0.17517,0.11587,3.4949998855590803,0.30544471740722695,0.19689615070819896,0.0956650152802467,3.9989999999999997,0.259,0.158,0.10099999999999999,4.085,0.275,0.177,0.085,4.107,0.254,0.209,0.772
