,Country,Region,2015Happiness,2015GDP,2015Generosity,2015Trust (Government Corruption),2016Happiness,2016GDP,2016Generosity,2016Trust (Government Corruption),2017Happiness,2017GDP,2017Generosity,2017Trust (Government Corruption),2018Happiness,2018GDP,2018Generosity,2018Trust (Government Corruption),2019Happiness,2019GDP,2019Generosity,2019Trust (Government Corruption),2020Happiness,2020GDP,2020Generosity,2020Trust (Government Corruption),2021Happiness,2021GDP,2021Generosity,2021Trust (Government Corruption)
0,Switzerland,Western Europe,7.587,1.39651,0.29678,0.41978,7.509,1.52733,0.28083,0.41203,7.493999958,1.564979553,0.290549278,0.367007285,7.487,1.42,0.256,0.357,7.48,1.452,0.263,0.343,7.559899807,1.39077425,0.269055754,0.303728431,7.571,1.566,0.204,0.292
1,Iceland,Western Europe,7.561,1.30232,0.4363,0.14145,7.501,1.42666,0.47678,0.14975,7.504000187,1.48063302,0.475540221,0.153526559,7.495,1.343,0.353,0.138,7.494,1.38,0.354,0.118,7.504499912,1.326501608,0.362330228,0.711709738,7.554,1.482,0.293,0.673
2,Denmark,Western Europe,7.527,1.32548,0.34139,0.48357,7.526,1.44178,0.36171,0.44453,7.521999836,1.482383013,0.355280489,0.400770068,7.555,1.351,0.284,0.408,7.6,1.383,0.252,0.41,7.645599842,1.326948524,0.242793396,0.168489456,7.62,1.502,0.208,0.179
3,Norway,Western Europe,7.522,1.459,0.34699,0.36503,7.498,1.57744,0.37895,0.35776,7.537000179,1.616463184,0.362012237,0.315963835,7.594,1.456,0.286,0.34,7.554,1.488,0.271,0.341,7.487999916,1.42420733,0.287985086,0.263218194,7.392,1.543,0.249,0.27
4,Canada,North America,7.427,1.32629,0.45811,0.32957,7.404,1.44015,0.44834,0.31329,7.315999985,1.479204416,0.435539722,0.287371516,7.328,1.33,0.321,0.291,7.278,1.365,0.285,0.308,7.23210001,1.301647663,0.28152892,0.390843362,7.103,1.447,0.246,0.415
5,Finland,Western Europe,7.406,1.29025,0.23351,0.41372,7.413,1.40598,0.25492,0.41004,7.468999863,1.443571925,0.245482773,0.382611543,7.632,1.305,0.202,0.393,7.769,1.34,0.153,0.393,7.808700085,1.285189509,0.159670442,0.195444584,7.842,1.446,0.124,0.186
6,Netherlands,Western Europe,7.378,1.32944,0.4761,0.31814,7.339,1.46468,0.47416,0.29927,7.376999855,1.503944635,0.47048983,0.282661825,7.441,1.361,0.333,0.295,7.488,1.396,0.322,0.298,7.448900223,1.338946342,0.336317569,0.364717126,7.464,1.501,0.302,0.338
7,Sweden,Western Europe,7.364,1.33171,0.36262,0.43844,7.291,1.45181,0.38254,0.40867,7.28399992,1.494387269,0.385399252,0.384398729,7.314,1.355,0.285,0.383,7.343,1.387,0.267,0.373,7.353499889,1.322235227,0.272827893,0.250880182,7.363,1.478,0.244,0.237
8,New Zealand,Australia and New Zealand,7.286,1.25018,0.47501,0.42922,7.334,1.36066,0.49401,0.41904,7.31400013,1.405706048,0.500005126,0.382816702,7.324,1.268,0.365,0.389,7.307,1.303,0.33,0.38,7.299600124,1.242317915,0.325726211,0.22113885,7.277,1.4,0.276,0.242
9,Australia,Australia and New Zealand,7.284,1.33358,0.43562,0.35637,7.313,1.44443,0.47407,0.32331,7.28399992,1.484414935,0.47769925,0.30118373,7.272,1.34,0.361,0.302,7.228,1.372,0.332,0.29,7.222799778,1.310396433,0.324973613,0.41516912,7.183,1.453,0.291,0.442
10,Israel,Middle East and Northern Africa,7.278,1.22857,0.33172,0.07785,7.267,1.33766,0.32288,0.08728,7.212999821,1.375382423,0.330082655,0.0852421,6.814,1.301,0.354,0.272,7.139,1.276,0.261,0.082,7.128600121,1.216463685,0.266861796,0.78085506,7.157,1.376,0.208,0.753
11,Costa Rica,Latin America and Caribbean,7.226,0.95578,0.25497,0.10583,7.087,1.06879,0.22553,0.10547,7.078999996,1.109706283,0.214613229,0.100106589,7.072,1.01,0.143,0.101,7.167,1.034,0.144,0.093,7.121399879,0.981107712,0.131266311,0.786332428,7.069,1.134,0.105,0.809
12,Austria,Western Europe,7.2,1.33723,0.33088,0.18676,7.119,1.45038,0.32865,0.21348,7.006000042,1.487097263,0.316472322,0.221060365,7.139,1.341,0.242,0.224,7.246,1.376,0.244,0.226,7.294199944,1.317285538,0.255509764,0.499954879,7.268,1.492,0.215,0.481
13,Mexico,Latin America and Caribbean,7.187,1.02054,0.14074,0.21312,6.778,1.11508,0.11735,0.18355,6.578000069,1.153183818,0.120990433,0.132774115,6.488,1.038,0.069,0.095,6.595,1.07,0.074,0.073,6.465000153,1.024387479,0.083094485,0.806821585,6.317,1.126,0.092,0.799
14,United States,North America,7.119,1.39451,0.40105,0.1589,7.104,1.50796,0.41077,0.14868,6.993000031,1.546259284,0.392578781,0.135638788,6.886,1.398,0.291,0.133,6.892,1.433,0.28,0.128,6.939599991,1.37398684,0.298143059,0.699715316,6.951,1.533,0.252,0.698
15,Brazil,Latin America and Caribbean,6.983,0.98124,0.14574,0.17521,6.952,1.08754,0.15776,0.14166,6.635000229,1.10735321,0.162349895,0.111092761,6.419,0.986,0.11,0.088,6.3,1.004,0.099,0.086,6.375599861,0.952679873,0.131674588,0.770601273,6.33,1.028,0.142,0.756
16,Luxembourg,Western Europe,6.946,1.56391,0.28034,0.37798,6.871,1.69752,0.27571,0.35329,6.862999916,1.741943598,0.283180982,0.318834424,6.91,1.576,0.196,0.321,7.09,1.609,0.194,0.316,7.237500191,1.536676049,0.19595392,0.367084295,7.324,1.751,0.166,0.386
17,Ireland,Western Europe,6.94,1.33596,0.45901,0.28703,6.907,1.48341,0.44963,0.29754,6.977000237,1.535706639,0.427858323,0.298388153,6.977,1.448,0.307,0.306,7.021,1.499,0.298,0.31,7.093699932,1.446886778,0.295426995,0.357184172,7.085,1.644,0.238,0.363
18,Belgium,Western Europe,6.937,1.30782,0.2225,0.2254,6.929,1.42539,0.2424,0.26248,6.890999794,1.463780761,0.231503338,0.251343131,6.927,1.324,0.188,0.24,6.923,1.356,0.16,0.21,6.863500118,1.295842767,0.146966159,0.612297952,6.834,1.463,0.088,0.646
19,United Kingdom,Western Europe,6.867,1.26637,0.51912,0.32067,6.725,1.40283,0.50156,0.27399,6.714000225,1.44163394,0.492774159,0.265428066,7.19,1.244,0.262,0.082,7.054,1.333,0.348,0.278,7.164500237,1.273061037,0.373433441,0.435915917,7.064,1.423,0.34,0.459
20,Venezuela,Latin America and Caribbean,6.81,1.04424,0.05841,0.11069,6.084,1.13367,0.0425,0.08304,5.25,1.128431201,0.06501963,0.064491123,4.806,0.996,0.056,0.052,4.707,0.96,0.064,0.047,5.053199768,0.770238638,0.087179154,0.837038398,4.892,0.852,0.078,0.827
21,Singapore,Southeastern Asia,6.798,1.52186,0.31105,0.4921,6.739,1.64555,0.32706,0.46987,6.572000027,1.69227767,0.345965981,0.464307785,6.343,1.529,0.261,0.457,6.262,1.572,0.271,0.453,6.377099991,1.519580126,0.218770906,0.109784193,6.377,1.695,0.176,0.082
22,Panama,Latin America and Caribbean,6.786,1.06353,0.24434,0.0927,6.701,1.18306,0.2418,0.08423,6.452000141,1.233748436,0.210556939,0.070983924,6.43,1.112,0.125,0.063,6.321,1.149,0.109,0.054,6.304800034,1.097667813,0.097207308,0.851588905,6.18,1.298,0.079,0.856
23,Germany,Western Europe,6.75,1.32792,0.28214,0.21843,6.994,1.44787,0.30452,0.28551,6.951000214,1.487923384,0.33626917,0.276731938,6.965,1.34,0.273,0.28,6.985,1.373,0.261,0.265,7.075799942,1.314184546,0.252037704,0.456422031,7.155,1.48,0.195,0.46
24,Chile,Latin America and Caribbean,6.67,1.10715,0.33363,0.12869,6.705,1.2167,0.31595,0.11451,6.65199995,1.25278461,0.326662421,0.082287982,6.476,1.131,0.197,0.061,6.444,1.159,0.187,0.056,6.228499889,1.096992493,0.155579001,0.838239431,6.172,1.2,0.159,0.83
25,France,Western Europe,6.575,1.27778,0.12332,0.20646,6.478,1.39488,0.1216,0.17808,6.441999912,1.430923462,0.129762307,0.172502428,6.489,1.293,0.098,0.176,6.592,1.324,0.111,0.183,6.663799763,1.268129349,0.112607703,0.583521128,6.69,1.421,0.092,0.571
26,Argentina,Latin America and Caribbean,6.574,1.05351,0.11451,0.08484,6.65,1.15137,0.10989,0.07296,6.598999977,1.185295463,0.109457061,0.059739888,6.388,1.073,0.062,0.054,6.086,1.092,0.066,0.05,5.974699974,1.028465629,0.070100471,0.842009842,5.929,1.162,0.069,0.834
27,Czech Republic,Central and Eastern Europe,6.505,1.17898,0.10686,0.02652,6.596,1.30915,0.09929,0.03986,6.609000206,1.352682352,0.088106759,0.036872927,6.711,1.233,0.064,0.034,6.852,1.269,0.046,0.036,6.910900116,1.212322354,0.046325929,0.85844624,6.965,1.37,0.052,0.868
28,Uruguay,Latin America and Caribbean,6.485,1.06166,0.2324,0.24558,6.545,1.18157,0.18056,0.21394,6.453999996,1.217559695,0.175096929,0.178061873,6.379,1.093,0.13,0.155,6.293,1.124,0.127,0.15,6.440100193,1.071000457,0.132143691,0.635994136,6.431,1.164,0.128,0.59
29,Colombia,Latin America and Caribbean,6.477,0.91861,0.18401,0.0512,6.481,1.03032,0.15626,0.05399,6.356999874,1.070622325,0.149014473,0.046668742,6.26,0.96,0.099,0.039,6.125,0.985,0.099,0.034,6.163400173,0.93220371,0.092374094,0.86457181,6.012,1.021,0.1,0.841
30,Thailand,Southeastern Asia,6.455,0.9669,0.5763,0.03187,6.474,1.0893,0.58696,0.02833,6.423999786,1.127868772,0.57212311,0.031612735,6.072,1.016,0.364,0.029,6.008,1.05,0.359,0.028,5.998799801,1.007029295,0.376709014,0.886272311,5.985,1.107,0.375,0.895
31,Saudi Arabia,Middle East and Northern Africa,6.411,1.39541,0.13706,0.32524,6.379,1.48953,0.15457,0.30008,6.343999863,1.530623555,0.147616014,0.273432255,6.371,1.379,0.098,0.127,6.375,1.403,0.08,0.132,6.406499863,1.334328532,0.087440684,0.682619512,6.494,1.435,0.09,0.684
32,Spain,Western Europe,6.329,1.23011,0.18227,0.06398,6.361,1.34253,0.17665,0.06137,6.402999878,1.384397864,0.190133572,0.070914097,6.31,1.251,0.142,0.074,6.354,1.286,0.153,0.079,6.400899887,1.230535269,0.16530548,0.765859902,6.491,1.375,0.135,0.745
33,Malta,Western Europe,6.302,1.2074,0.51752,0.13586,6.488,1.30782,0.56237,0.17554,6.52699995,1.343279839,0.574730575,0.153066069,6.627,1.27,0.376,0.142,6.726,1.3,0.375,0.151,6.772799969,1.252513289,0.341180831,0.658547282,6.602,1.411,0.275,0.653
34,Kuwait,Middle East and Northern Africa,6.295,1.55422,0.16228,0.25609,6.239,1.61714,0.15965,0.23669,6.105000019,1.632952452,0.228289798,0.21515955,6.083,1.474,0.167,0.106,6.021,1.5,0.142,0.097,6.102099895,1.424833655,0.132751092,0.760849059,6.106,1.461,0.12,0.736
35,El Salvador,Latin America and Caribbean,6.13,0.76454,0.10692,0.11776,6.068,0.8737,0.08877,0.10613,6.002999783,0.909784496,0.078257985,0.08998096,6.167,0.806,0.065,0.082,6.253,0.794,0.093,0.074,6.34829998,0.748940408,0.1189363,0.754319906,6.061,0.845,0.116,0.688
36,Guatemala,Latin America and Caribbean,6.123,0.74553,0.27489,0.09472,6.324,0.83454,0.28808,0.08701,6.453999996,0.872001946,0.283488393,0.077223279,6.382,0.781,0.179,0.071,6.436,0.8,0.175,0.078,6.398900032,0.753815711,0.170611665,0.783237457,6.435,0.845,0.163,0.775
37,Uzbekistan,Central and Eastern Europe,6.003,0.63244,0.22837,0.30826,5.987,0.73591,0.34326,0.28333,5.971000195,0.786441088,0.415983647,0.246528223,6.096,0.719,0.328,0.259,6.174,0.745,0.322,0.24,6.257599831,0.696652949,0.363311023,0.501497388,6.179,0.769,0.391,0.515
38,Slovakia,Central and Eastern Europe,5.995,1.16891,0.16893,0.03431,6.078,1.27973,0.13837,0.02947,6.09800005,1.325393558,0.136544481,0.024210852,6.173,1.21,0.118,0.014,6.198,1.246,0.121,0.014,6.280600071,1.194837689,0.116729774,0.918096125,6.331,1.304,0.107,0.911
39,Japan,Eastern Asia,5.987,1.27074,0.10705,0.1806,5.921,1.38007,0.10224,0.18985,5.920000076,1.416915178,0.120572768,0.163760737,5.915,1.294,0.079,0.15,5.886,1.327,0.069,0.14,5.870800018,1.26672411,0.03571178,0.654558063,5.94,1.389,0.02,0.638
40,South Korea,Eastern Asia,5.984,1.24461,0.18557,0.07857,5.835,1.35948,0.18824,0.07716,5.837999821,1.401678443,0.206674367,0.063282669,5.875,1.266,0.175,0.051,5.895,1.301,0.175,0.056,5.872399807,1.245300651,0.170303866,0.789067447,5.845,1.403,0.134,0.727
41,Ecuador,Latin America and Caribbean,5.975,0.86402,0.11541,0.1809,5.976,0.97306,0.10074,0.18037,6.007999897,1.000820398,0.150112465,0.140134647,5.973,0.889,0.114,0.12,6.028,0.912,0.126,0.087,5.925199986,0.853383601,0.115006477,0.801215112,5.764,0.935,0.107,0.843
42,Bahrain,Middle East and Northern Africa,5.96,1.32376,0.17362,0.306,6.218,1.44024,0.17147,0.25772,6.086999893,1.488412261,0.172668487,0.25704217,6.105,1.338,0.243,0.123,6.199,1.362,0.255,0.11,6.227300167,1.296692252,0.287453711,0.7393471,6.647,1.409,0.246,0.722
43,Italy,Western Europe,5.948,1.25114,0.22823,0.02901,5.977,1.35495,0.16684,0.02556,5.964000225,1.395066619,0.172789648,0.028028091,6,1.264,0.137,0.028,6.223,1.294,0.158,0.03,6.38740015,1.236396074,0.170266211,0.873404682,6.483,1.393,0.133,0.866
44,Bolivia,Latin America and Caribbean,5.89,0.68133,0.20536,0.088,5.822,0.79422,0.21698,0.07746,5.822999954,0.833756566,0.225560725,0.060477726,5.752,0.751,0.141,0.054,5.779,0.776,0.137,0.064,5.747499943,0.730976343,0.138375074,0.822606206,5.716,0.842,0.138,0.839
45,Moldova,Central and Eastern Europe,5.889,0.59448,0.20951,0.01615,5.897,0.69177,0.19997,0.01903,5.837999821,0.72887063,0.208779126,0.010091286,5.64,0.657,0.171,0,5.529,0.685,0.181,0,5.607500076,0.707916796,0.174049184,0.913314283,5.766,0.985,0.137,0.918
46,Paraguay,Latin America and Caribbean,5.878,0.75985,0.3424,0.08242,5.538,0.89373,0.25296,0.07396,5.493000031,0.932537317,0.224150658,0.091065913,5.681,0.835,0.162,0.074,5.743,0.855,0.184,0.08,5.692100048,0.897990823,0.204299241,0.834788501,5.653,0.983,0.206,0.882
47,Kazakhstan,Central and Eastern Europe,5.855,1.12254,0.11827,0.08454,5.919,1.22943,0.15011,0.11132,5.818999767,1.28455627,0.201964423,0.119282886,5.79,1.143,0.148,0.121,5.809,1.173,0.146,0.096,6.057899952,1.122594237,0.153713793,0.764490843,6.152,1.23,0.143,0.733
48,Slovenia,Central and Eastern Europe,5.848,1.18498,0.25328,0.03787,5.768,1.29947,0.25738,0.03635,5.757999897,1.341205955,0.242649093,0.045128979,5.948,1.219,0.16,0.051,6.118,1.258,0.144,0.057,6.363399982,1.208652496,0.145701498,0.817071021,6.461,1.36,0.122,0.806
49,Lithuania,Central and Eastern Europe,5.833,1.14723,0.02641,0.01031,5.813,1.2692,0.02025,0.0182,5.90199995,1.314582348,0.010164657,0.011865643,5.952,1.197,0.026,0.006,6.149,1.238,0.043,0.042,6.215499878,1.193559647,0.053691041,0.809583843,6.255,1.35,0.056,0.826
50,Nicaragua,Latin America and Caribbean,5.828,0.59325,0.27815,0.19317,5.992,0.69384,0.29773,0.16292,6.071000099,0.737299204,0.301674217,0.130687982,6.141,0.668,0.208,0.128,6.105,0.694,0.2,0.127,6.13710022,0.620033145,0.212871477,0.665950119,5.972,0.693,0.201,0.664
51,Peru,Latin America and Caribbean,5.824,0.90019,0.14982,0.05989,5.743,0.99602,0.14527,0.05292,5.715000153,1.035225272,0.126819715,0.047049087,5.663,0.934,0.092,0.034,5.697,0.96,0.083,0.027,5.796800137,0.91854918,0.091611817,0.893714964,5.84,0.986,0.087,0.891
52,Belarus,Central and Eastern Europe,5.813,1.03192,0.11046,0.1909,5.802,1.13062,0.13942,0.17457,5.568999767,1.15655756,0.155137509,0.156313822,5.483,1.039,0.101,0.154,5.323,1.067,0.094,0.142,5.539899826,1.018854499,0.08993306,0.63571167,5.534,1.124,0.07,0.627
53,Poland,Central and Eastern Europe,5.791,1.12555,0.16759,0.04212,5.835,1.24585,0.14443,0.055,5.97300005,1.291787863,0.158465967,0.059307806,6.123,1.176,0.108,0.064,6.182,1.206,0.117,0.05,6.186299801,1.16922915,0.063374244,0.686927021,6.166,1.309,0.08,0.735
54,Malaysia,Southeastern Asia,5.77,1.12486,0.33075,0.10501,6.005,1.25142,0.41474,0.09081,6.084000111,1.29121542,0.41660893,0.065600708,6.322,1.161,0.311,0.059,5.339,1.221,0.26,0.024,5.384300232,1.168421626,0.274886161,0.839302301,5.384,1.259,0.27,0.839
55,Croatia,Central and Eastern Europe,5.759,1.08254,0.05444,0.0243,5.488,1.18649,0.18434,0.04002,5.293000221,1.222556233,0.248002976,0.04310311,5.321,1.115,0.12,0.039,5.432,1.155,0.119,0.022,5.504700184,1.109024286,0.113998979,0.916495264,5.882,1.251,0.111,0.939
56,Libya,Middle East and Northern Africa,5.754,1.13145,0.18295,0.11023,5.615,1.06688,0.17087,0.10339,5.525000095,1.101803064,0.152073666,0.09261021,5.566,0.985,0.116,0.148,5.525,1.044,0.133,0.152,5.488800049,1.021913767,0.142757699,0.668779135,5.41,1.044,0.131,0.667
57,Russia,Central and Eastern Europe,5.716,1.13764,0.00199,0.03005,5.856,1.23228,0.02736,0.03586,5.962999821,1.281778097,0.052263822,0.032962881,5.81,1.151,0.065,0.025,5.648,1.183,0.082,0.031,5.546000004,1.126999617,0.099041916,0.864802599,5.477,1.241,0.115,0.845
58,Jamaica,Latin America and Caribbean,5.709,0.81038,0.2123,0.02299,5.51,0.89333,0.22245,0.04294,5.31099987,0.925579309,0.233818337,0.055267781,5.89,0.819,0.096,0.031,5.89,0.831,0.107,0.028,5.889800072,0.779058397,0.116268493,0.888890028,6.309,0.891,0.099,0.884
59,Cyprus,Western Europe,5.689,1.20813,0.30638,0.06146,5.546,1.31857,0.27906,0.05228,5.620999813,1.355938077,0.271254301,0.041237976,5.762,1.229,0.202,0.035,6.046,1.263,0.19,0.041,6.15899992,1.21279943,0.227932334,0.856271744,6.223,1.377,0.178,0.844
60,Algeria,Middle East and Northern Africa,5.605,0.93929,0.07822,0.17383,6.355,1.05266,0.07044,0.16157,5.872000217,1.091864467,0.069436647,0.14609611,5.295,0.979,0.055,0.135,5.211,1.002,0.073,0.114,5.005099773,0.943856001,0.118915014,0.735485137,4.887,0.946,0.144,0.752
61,Kosovo,Central and Eastern Europe,5.589,0.80148,0.2831,0.04741,5.401,0.90145,0.27992,0.06547,5.278999805,0.951484382,0.319931448,0.057471618,5.662,0.855,0.274,0.023,6.1,0.882,0.262,0.006,6.325200081,0.840481341,0.325286865,0.922328293,6.372,0.937,0.356,0.917
62,Turkmenistan,Central and Eastern Europe,5.548,0.95847,0.16979,0.30844,5.658,1.08017,0.22567,0.28467,5.822000027,1.130776763,0.249924988,0.25927034,5.636,1.016,0.199,0.037,5.247,1.052,0.244,0.028,5.119100094,1.008963585,0.323129326,0.883691847,5.066,1.046,0.366,0.888
63,Mauritius,Sub-Saharan Africa,5.477,1.00761,0.37744,0.07521,5.648,1.14372,0.36951,0.05203,5.629000187,1.189395547,0.360933751,0.042181555,5.891,1.09,0.245,0.05,5.888,1.12,0.215,0.06,6.101299763,1.07366395,0.186894551,0.805343091,6.049,1.178,0.153,0.789
64,Estonia,Central and Eastern Europe,5.429,1.15174,0.0868,0.15184,5.517,1.27964,0.08423,0.18519,5.611000061,1.32087934,0.098890811,0.183248922,5.739,1.2,0.086,0.174,5.893,1.237,0.103,0.161,6.021800041,1.192441225,0.125136748,0.623073816,6.189,1.344,0.119,0.527
65,Indonesia,Southeastern Asia,5.399,0.82827,0.51535,0,5.314,0.95104,0.56521,0.00322,5.262000084,0.995538592,0.611704588,0.015317135,5.093,0.899,0.484,0.018,5.192,0.931,0.498,0.028,5.285600185,0.891720712,0.542646527,0.876296401,5.345,0.954,0.541,0.867
66,Vietnam,Southeastern Asia,5.36,0.63216,0.1686,0.10441,5.061,0.74037,0.25075,0.11556,5.073999882,0.788547575,0.234968051,0.087633237,5.103,0.715,0.177,0.079,5.175,0.741,0.147,0.073,5.353499889,0.718092382,0.136488721,0.79642123,5.411,0.817,0.124,0.796
67,Turkey,Middle East and Northern Africa,5.332,1.06098,0.12253,0.15746,5.389,1.16492,0.04707,0.12348,5.5,1.198274374,0.046693042,0.09967158,5.483,1.148,0.106,0.109,5.373,1.183,0.083,0.106,5.131800175,1.127169251,0.085885569,0.748197377,4.948,1.26,0.097,0.776
68,Kyrgyzstan,Central and Eastern Europe,5.286,0.47428,0.3003,0.04232,5.185,0.56044,0.38432,0.04762,5.004000187,0.596220076,0.428580374,0.039439179,5.131,0.53,0.281,0.035,5.261,0.551,0.3,0.023,5.541500092,0.513180971,0.30137074,0.888396084,5.744,0.665,0.266,0.908
69,Nigeria,Sub-Saharan Africa,5.268,0.65435,0.27233,0.0403,4.875,0.75216,0.23219,0.0305,5.073999882,0.783756256,0.230947196,0.026121566,5.155,0.689,0.201,0.032,5.265,0.696,0.215,0.041,4.724100113,0.645901859,0.221328124,0.861874342,4.759,0.663,0.212,0.878
70,Azerbaijan,Central and Eastern Europe,5.212,1.02389,0.07799,0.16065,5.291,1.12373,0.0564,0.17914,5.234000206,1.153601766,0.04526934,0.180987507,5.201,1.024,0.031,0.176,5.208,1.043,0.035,0.182,5.164800167,0.990272701,0.040113214,0.55253756,5.171,1.025,0.043,0.506
71,Pakistan,Southern Asia,5.194,0.59543,0.33671,0.10464,5.132,0.68816,0.31185,0.1388,5.269000053,0.726883531,0.315446019,0.124348067,5.472,0.652,0.216,0.113,5.653,0.677,0.22,0.098,5.69329977,0.616799474,0.228705063,0.745705426,4.934,0.637,0.252,0.787
72,Jordan,Middle East and Northern Africa,5.192,0.90198,0.11053,0.14293,5.303,0.99673,0.14262,0.13297,5.335999966,0.991012394,0.17217046,0.119803272,5.161,0.822,0.13,0.134,4.906,0.837,0.11,0.13,4.633399963,0.785179198,0.091494769,0.700344324,4.395,0.89,0.079,0.705
73,Montenegro,Central and Eastern Europe,5.192,0.97438,0.1614,0.14296,5.161,1.07838,0.17191,0.12721,5.236999989,1.121129036,0.197911024,0.088174194,5.347,1.017,0.111,0.081,5.523,1.051,0.142,0.08,5.54610014,1.010150075,0.14901033,0.783121586,5.581,1.155,0.166,0.812
74,China,Eastern Asia,5.14,0.89012,0.08185,0.02781,5.245,1.0278,0.04959,0.02745,5.272999763,1.081165791,0.028806841,0.022794275,5.246,0.989,0.029,0.103,5.191,1.029,0.058,0.1,5.123899937,0.990533412,0.079021044,0.7539711,5.339,1.061,0.093,0.755
75,Zambia,Sub-Saharan Africa,5.129,0.47038,0.19591,0.12468,4.795,0.61202,0.17866,0.11479,4.513999939,0.636406779,0.249580145,0.07821355,4.377,0.562,0.221,0.082,4.107,0.578,0.247,0.087,3.759399891,0.536833763,0.250620902,0.801289678,4.073,0.528,0.227,0.823
76,Romania,Central and Eastern Europe,5.124,1.04345,0.13748,0.00649,5.528,1.1697,0.12889,0.00679,5.824999809,1.217683911,0.133519918,0.004387901,5.945,1.116,0.088,0.001,6.07,1.162,0.083,0.005,6.123700142,1.120401621,0.068181619,0.934300244,6.14,1.275,0.045,0.938
77,Serbia,Central and Eastern Europe,5.123,0.92053,0.19231,0.02617,5.177,1.03437,0.20737,0.04339,5.394999981,1.069317579,0.220125884,0.040903781,5.398,0.975,0.134,0.043,5.603,1.004,0.137,0.039,5.77820015,0.988181829,0.15028289,0.843509018,6.078,1.101,0.189,0.835
78,Portugal,Western Europe,5.102,1.15991,0.13719,0.01078,5.123,1.27607,0.11691,0.01521,5.195000172,1.315175295,0.095102713,0.015869452,5.41,1.188,0.055,0.017,5.693,1.221,0.047,0.025,5.910900116,1.168800831,0.053036947,0.892629504,5.929,1.323,0.029,0.887
79,Latvia,Central and Eastern Europe,5.098,1.11312,0.18226,0.06332,5.56,1.21788,0.17445,0.0889,5.849999905,1.260748625,0.153074786,0.073842727,5.933,1.148,0.092,0.066,5.94,1.187,0.075,0.064,5.949999809,1.14139545,0.075407945,0.795580089,6.032,1.285,0.082,0.8
80,Philippines,Southeastern Asia,5.073,0.70532,0.24991,0.12279,5.279,0.81217,0.21674,0.11757,5.429999828,0.857699215,0.193513423,0.099331893,5.524,0.775,0.12,0.105,5.631,0.807,0.117,0.107,6.006000042,0.775120676,0.129260212,0.733634114,5.88,0.853,0.125,0.742
81,Morocco,Middle East and Northern Africa,5.013,0.73479,0.07172,0.08546,5.151,0.84058,0.04053,0.08404,5.235000134,0.878114581,0.032209955,0.087763183,5.254,0.779,0.026,0.074,5.208,0.801,0.036,0.076,5.094799995,0.75862211,0.040032551,0.815724611,4.918,0.792,0.034,0.801
82,Albania,Central and Eastern Europe,4.959,0.87867,0.14272,0.06413,4.655,0.9553,0.1684,0.05301,4.644000053,0.996192753,0.201312944,0.039864216,4.586,0.916,0.149,0.032,4.719,0.947,0.178,0.027,4.882699966,0.906653047,0.171027765,0.896303713,5.117,1.008,0.168,0.901
83,Bosnia and Herzegovina,Central and Eastern Europe,4.949,0.83223,0.24808,0.00227,5.163,0.93383,0.29889,0,5.18200016,0.982409418,0.328867495,0,5.129,0.915,0.216,0,5.386,0.945,0.263,0.006,5.674099922,0.91839546,0.264005244,0.933769107,5.813,1.032,0.261,0.931
84,Dominican Republic,Latin America and Caribbean,4.885,0.89537,0.21684,0.14234,5.155,1.02787,0.21286,0.12372,5.230000019,1.079373837,0.18696785,0.113945253,5.302,0.982,0.12,0.106,5.425,1.015,0.113,0.101,5.689199924,0.983191848,0.112196781,0.755999923,5.545,1.106,0.101,0.714
85,Mongolia,Eastern Asia,4.874,0.82819,0.3323,0.02666,4.907,0.98853,0.34539,0.03285,4.954999924,1.027235866,0.33846423,0.032902289,5.125,0.914,0.253,0.032,5.285,0.948,0.235,0.038,5.456200123,0.904872775,0.263885736,0.863511205,5.677,0.966,0.263,0.856
86,Greece,Western Europe,4.857,1.15406,0,0.01397,5.033,1.24886,0,0.04127,5.227000237,1.289487481,0,0.043289777,5.358,1.154,0,0.044,5.287,1.181,0,0.034,5.514999866,1.128070116,0,0.859931409,5.723,1.273,0,0.823
87,Lebanon,Middle East and Northern Africa,4.839,1.02564,0.21854,0.04582,5.129,1.12268,0.23693,0.03061,5.224999905,1.074987531,0.264450759,0.03751383,5.358,0.965,0.214,0.136,5.197,0.987,0.166,0.027,4.771500111,0.889232516,0.158524141,0.90225625,4.584,1.045,0.14,0.898
88,Hungary,Central and Eastern Europe,4.8,1.12094,0.128,0.02758,5.145,1.24142,0.099,0.04472,5.323999882,1.286011934,0.078401662,0.036636937,5.62,1.171,0.061,0.022,5.758,1.201,0.081,0.02,6.000400066,1.164307117,0.070491239,0.892916501,5.992,1.301,0.067,0.876
89,Honduras,Latin America and Caribbean,4.788,0.59532,0.23027,0.06825,4.871,0.69429,0.2044,0.06906,5.181000233,0.730573118,0.236188874,0.073345453,5.504,0.62,0.197,0.074,5.86,0.642,0.246,0.078,5.953199863,0.598763585,0.256528199,0.801131904,5.919,0.703,0.241,0.809
90,Tajikistan,Central and Eastern Europe,4.786,0.39047,0.22974,0.15072,4.996,0.48835,0.25998,0.13509,5.040999889,0.524713635,0.248997644,0.146377146,5.199,0.474,0.187,0.034,5.467,0.493,0.23,0.144,5.555699825,0.474874616,0.182417125,0.592076063,5.466,0.508,0.152,0.553
91,Tunisia,Middle East and Northern Africa,4.739,0.88113,0.06431,0.06358,5.045,0.97724,0.03936,0.0817,4.804999828,1.007265806,0.049693357,0.086723149,4.592,0.9,0.04,0.063,4.461,0.921,0.059,0.055,4.392199993,0.874742687,0.055881143,0.867590249,4.596,0.919,0.057,0.87
92,Palestinian Territories,Middle East and Northern Africa,4.715,0.59867,0.11251,0.12905,4.754,0.67024,0.11154,0.10613,4.775000095,0.716249228,0.114173174,0.089282602,4.743,0.642,0.086,0.076,4.696,0.657,0.103,0.066,4.552800179,0.587819219,0.091816261,0.824199975,4.517,0.646,0.082,0.821
93,Bangladesh,Southern Asia,4.694,0.39753,0.21222,0.12569,4.643,0.54177,0.19132,0.12583,4.607999802,0.586682975,0.172255352,0.123717859,4.5,0.532,0.153,0.144,4.456,0.562,0.166,0.143,4.832799911,0.556156278,0.176745117,0.661843538,5.025,0.635,0.161,0.682
94,Iran,Middle East and Northern Africa,4.686,1.0088,0.38086,0.05863,4.813,1.11758,0.38538,0.0557,4.691999912,1.156873107,0.387242913,0.048761073,4.707,1.059,0.282,0.129,4.548,1.1,0.27,0.125,4.672399998,1.029322505,0.27697894,0.714635968,4.721,1.03,0.33,0.714
95,Ukraine,Central and Eastern Europe,4.681,0.79907,0.15275,0.02961,4.324,0.87287,0.20363,0.01829,4.096000195,0.894651949,0.270061463,0.023029471,4.103,0.793,0.187,0.011,4.332,0.82,0.187,0.01,4.56069994,0.780434608,0.178551316,0.920636714,4.875,0.979,0.181,0.924
96,Iraq,Middle East and Northern Africa,4.677,0.98549,0.17922,0.13788,4.575,1.07474,0.19589,0.13636,4.497000217,1.102710485,0.199637264,0.107215755,4.456,1.01,0.148,0.095,4.437,1.043,0.148,0.089,4.784800053,0.982018709,0.153002068,0.82226181,4.854,0.91,0.153,0.875
97,South Africa,Sub-Saharan Africa,4.642,0.92049,0.11973,0.08884,4.459,1.02416,0.13656,0.08415,4.828999996,1.054698706,0.13936238,0.072509497,4.724,0.94,0.103,0.056,4.722,0.96,0.13,0.055,4.814099789,0.902140439,0.126406848,0.843423843,4.956,0.967,0.144,0.86
98,Ghana,Sub-Saharan Africa,4.633,0.54558,0.23087,0.04355,4.276,0.63107,0.21203,0.0326,4.119999886,0.667224824,0.256923944,0.02533637,4.657,0.592,0.212,0.029,4.996,0.611,0.245,0.04,5.147999763,0.575862467,0.261291206,0.847964764,5.088,0.68,0.268,0.848
99,Zimbabwe,Sub-Saharan Africa,4.61,0.271,0.18987,0.08079,4.193,0.35041,0.18503,0.08582,3.875,0.375846535,0.189143494,0.095375381,3.692,0.357,0.132,0.099,3.663,0.366,0.151,0.089,3.299200058,0.425564021,0.151349187,0.81023699,3.145,0.457,0.157,0.821
100,Liberia,Sub-Saharan Africa,4.571,0.0712,0.24362,0.06232,3.622,0.10706,0.24063,0.04852,3.532999992,0.119041793,0.266549885,0.038948249,3.495,0.076,0.206,0.03,3.975,0.073,0.233,0.033,4.557899952,0.174103007,0.226967871,0.856375933,4.625,0.228,0.221,0.85
101,India,Southern Asia,4.565,0.64499,0.26475,0.08492,4.404,0.74036,0.25028,0.08722,4.315000057,0.792221248,0.231538489,0.092226885,4.19,0.721,0.172,0.093,4.015,0.755,0.2,0.085,3.573299885,0.730576158,0.237072483,0.772042692,3.819,0.741,0.246,0.774
102,Haiti,Latin America and Caribbean,4.518,0.26673,0.46187,0.17175,4.028,0.34097,0.47958,0.14476,3.602999926,0.368610263,0.489203781,0.09987215,3.582,0.315,0.392,0.104,3.597,0.323,0.419,0.11,3.720799923,0.284734428,0.463909656,0.684767246,3.615,0.294,0.463,0.721
103,Nepal,Southern Asia,4.514,0.35997,0.32296,0.05907,4.793,0.44626,0.3816,0.07008,4.961999893,0.479820192,0.394096166,0.072975546,4.88,0.425,0.302,0.078,4.913,0.446,0.285,0.089,5.137199879,0.444050372,0.300971806,0.738099158,5.269,0.519,0.287,0.727
104,Ethiopia,Sub-Saharan Africa,4.512,0.19073,0.24325,0.15048,4.508,0.29283,0.29522,0.1717,4.460000038,0.339233845,0.31265074,0.165455714,4.35,0.308,0.22,0.146,4.286,0.336,0.209,0.1,4.186200142,0.315125644,0.227698103,0.753690004,4.275,0.37,0.241,0.761
105,Sierra Leone,Sub-Saharan Africa,4.507,0.33024,0.21488,0.08786,4.635,0.36485,0.23897,0.08196,4.709000111,0.368420929,0.293040901,0.071095176,4.571,0.256,0.238,0.053,4.374,0.268,0.252,0.045,3.926399946,0.240560383,0.257647008,0.861330688,3.849,0.279,0.243,0.866
106,Mauritania,Sub-Saharan Africa,4.436,0.45407,0.219,0.17461,4.201,0.61391,0.22686,0.17955,4.291999817,0.648457289,0.201870024,0.136957005,4.356,0.557,0.134,0.093,4.49,0.57,0.106,0.088,4.374599934,0.539684892,0.128899664,0.746223509,4.227,0.666,0.119,0.731
107,Kenya,Sub-Saharan Africa,4.419,0.36471,0.37542,0.05839,4.356,0.52267,0.41328,0.06686,4.552999973,0.560479462,0.444860309,0.064641319,4.41,0.493,0.352,0.055,4.509,0.512,0.372,0.053,4.583000183,0.476413399,0.393902093,0.831499159,4.607,0.603,0.375,0.825
108,Armenia,Central and Eastern Europe,4.35,0.76821,0.07855,0.039,4.36,0.86086,0.07793,0.03616,4.375999928,0.900596738,0.083488092,0.026674422,4.321,0.816,0.077,0.028,4.559,0.85,0.095,0.064,4.676799774,0.808262408,0.107225738,0.773544788,5.283,0.996,0.079,0.629
109,Botswana,Sub-Saharan Africa,4.332,0.99355,0.10461,0.12474,3.974,1.09426,0.12425,0.10769,3.766000032,1.122094154,0.099348448,0.098583199,3.59,1.017,0.042,0.092,3.488,1.041,0.025,0.1,3.478899956,0.997548997,0.033407487,0.777930915,3.467,1.099,0.027,0.801
110,Myanmar,Southeastern Asia,4.307,0.27108,0.79588,0.19034,4.395,0.34112,0.81971,0.20243,4.545000076,0.36711055,0.838075161,0.188816205,4.308,0.682,0.598,0.178,4.36,0.71,0.566,0.172,4.308000088,0.67809093,0.569813728,0.645124316,4.426,0.666,0.52,0.66
111,Georgia,Central and Eastern Europe,4.297,0.7419,0.05547,0.38331,4.252,0.83792,0.06786,0.3188,4.285999775,0.950612664,0.054008815,0.251666635,4.34,0.853,0.038,0.215,4.519,0.886,0.043,0.164,4.672599792,0.847198069,0.047609735,0.665944695,4.891,1.03,0.032,0.655
112,Malawi,Sub-Saharan Africa,4.292,0.01604,0.33128,0.06977,4.156,0.08709,0.30968,0.07564,3.970000029,0.233442038,0.28717047,0.072711654,3.587,0.186,0.21,0.08,3.41,0.191,0.218,0.089,3.538000107,0.176534727,0.213185057,0.731700778,3.6,0.113,0.213,0.729
113,Sri Lanka,Southern Asia,4.271,0.83524,0.40828,0.09179,4.415,0.97318,0.46978,0.07964,4.440000057,1.009850144,0.490863562,0.073653966,4.471,0.918,0.307,0.05,4.366,0.949,0.244,0.047,4.327000141,0.897986948,0.252666146,0.859001756,4.325,0.99,0.239,0.863
114,Cameroon,Sub-Saharan Africa,4.252,0.4225,0.20618,0.05786,4.513,0.52497,0.2268,0.06126,4.695000172,0.564305365,0.236298457,0.051306631,4.975,0.535,0.183,0.043,5.044,0.549,0.187,0.037,5.084899902,0.503958046,0.198020101,0.851336598,5.142,0.543,0.205,0.848
115,Bulgaria,Central and Eastern Europe,4.218,1.01216,0.11921,0.00872,4.217,1.11306,0.12793,0.00615,4.714000225,1.161459088,0.113177694,0.011051531,4.933,1.054,0.064,0.009,5.011,1.092,0.081,0.004,5.101500034,1.046554685,0.103833713,0.935585141,5.266,1.181,0.125,0.932
116,Egypt,Middle East and Northern Africa,4.194,0.8818,0.11291,0.06324,4.362,0.95395,0.12706,0.10393,4.735000134,0.989701807,0.128631443,0.114381365,4.419,0.885,0.092,0.107,4.166,0.913,0.076,0.067,4.151400089,0.875228941,0.068801254,0.787726879,4.283,0.954,0.069,0.795
117,Yemen,Middle East and Northern Africa,4.077,0.54649,0.09131,0.07854,3.724,0.57939,0.09821,0.05892,3.592999935,0.591683447,0.104125209,0.056767423,3.355,0.442,0.083,0.064,3.38,0.287,0.108,0.077,3.527400017,0.392701775,0.094689012,0.800287724,3.658,0.329,0.092,0.8
118,Mali,Sub-Saharan Africa,3.995,0.26074,0.18798,0.12352,4.073,0.31292,0.21064,0.13647,4.190000057,0.476180494,0.183354199,0.104970247,4.447,0.37,0.139,0.056,4.39,0.385,0.153,0.052,4.729300022,0.352462649,0.16966705,0.839328408,4.723,0.387,0.164,0.827
119,Congo (Brazzaville),Sub-Saharan Africa,3.989,0.67866,0.12388,0.11686,4.236,0.77109,0.12077,0.09753,4.290999889,0.808964252,0.120852128,0.079618134,4.559,0.682,0.091,0.077,4.812,0.673,0.105,0.093,5.194399834,0.633616745,0.117216013,0.751779079,5.342,0.518,0.144,0.745
120,Uganda,Sub-Saharan Africa,3.931,0.21102,0.29066,0.07267,3.739,0.34719,0.27102,0.06442,4.080999851,0.381430715,0.325766057,0.057069719,4.161,0.322,0.259,0.061,4.189,0.332,0.252,0.06,4.43200016,0.312337428,0.264807373,0.836737812,4.636,0.364,0.267,0.855
121,Senegal,Sub-Saharan Africa,3.904,0.36498,0.20843,0.10713,4.219,0.44314,0.19103,0.11681,4.534999847,0.479309022,0.183468893,0.115460448,4.631,0.429,0.138,0.082,4.681,0.45,0.153,0.072,4.980800152,0.504061818,0.164397135,0.808785141,5.132,0.518,0.158,0.801
122,Gabon,Sub-Saharan Africa,3.896,1.06024,0.06822,0.11091,4.121,1.15851,0.06244,0.09314,4.465000153,1.198210239,0.043785378,0.076046787,4.758,1.036,0.032,0.052,4.799,1.057,0.043,0.055,4.829299927,0.988044381,0.052013602,0.849150956,4.852,1.037,0.058,0.84
123,Niger,Sub-Saharan Africa,3.845,0.0694,0.19387,0.15639,3.856,0.1327,0.2097,0.17176,4.027999878,0.161925331,0.228673846,0.138572946,4.166,0.131,0.175,0.099,4.628,0.138,0.188,0.102,4.909599781,0.108330332,0.208176896,0.722530186,5.074,0.162,0.2,0.693
124,Cambodia,Southeastern Asia,3.819,0.46038,0.40359,0.07247,3.907,0.55604,0.40339,0.08092,4.168000221,0.601765096,0.385922968,0.068105951,4.433,0.549,0.256,0.065,4.7,0.574,0.232,0.062,4.848400116,0.544634938,0.233342081,0.822769046,4.83,0.603,0.21,0.843
125,Tanzania,Sub-Saharan Africa,3.781,0.2852,0.34377,0.05747,3.666,0.47155,0.31472,0.05099,3.348999977,0.511135876,0.354256362,0.066035107,3.303,0.455,0.27,0.097,3.231,0.476,0.276,0.147,3.476200104,0.457163125,0.27154091,0.619799435,3.623,0.433,0.307,0.577
126,Madagascar,Sub-Saharan Africa,3.681,0.20824,0.21333,0.08124,3.695,0.27954,0.2204,0.07506,3.644000053,0.305808693,0.20873253,0.067231975,3.774,0.262,0.155,0.049,3.933,0.274,0.169,0.041,4.165599823,0.244553208,0.191190064,0.817485631,4.208,0.266,0.185,0.803
127,Chad,Sub-Saharan Africa,3.667,0.34193,0.18386,0.05269,3.763,0.42214,0.18667,0.04952,3.936000109,0.438012987,0.21611385,0.053581882,4.301,0.358,0.181,0.06,4.35,0.35,0.198,0.078,4.422699928,0.302287489,0.210805088,0.802760839,4.355,0.255,0.215,0.807
128,Guinea,Sub-Saharan Africa,3.656,0.17417,0.28657,0.12139,3.607,0.22415,0.29914,0.1192,3.506999969,0.24454993,0.264815092,0.110937618,3.964,0.344,0.185,0.094,4.534,0.38,0.207,0.086,4.949299812,0.390007734,0.249490842,0.761794448,4.984,0.42,0.25,0.766
129,Ivory Coast,Sub-Saharan Africa,3.655,0.46534,0.20165,0.17922,3.916,0.55507,0.20338,0.1553,4.179999828,0.603048921,0.20123747,0.130061775,4.671,0.541,0.146,0.103,4.944,0.569,0.154,0.09,5.233300209,0.537094414,0.169915587,0.790771961,5.306,0.669,0.177,0.794
130,Burkina Faso,Sub-Saharan Africa,3.587,0.25812,0.21747,0.12832,3.739,0.31995,0.24353,0.12533,4.032000065,0.350227714,0.250864685,0.120328106,4.424,0.314,0.175,0.128,4.587,0.331,0.177,0.113,4.768700123,0.302467644,0.186390609,0.739795029,4.834,0.364,0.182,0.748
131,Afghanistan,Southern Asia,3.575,0.31982,0.3651,0.09719,3.36,0.38227,0.31268,0.07112,3.79399991,0.401477218,0.311870933,0.06115783,3.632,0.332,0.191,0.036,3.203,0.35,0.158,0.025,2.566900015,0.30070585,0.135234714,0.933686554,2.523,0.37,0.122,0.924
132,Rwanda,Sub-Saharan Africa,3.465,0.22208,0.22628,0.55191,3.515,0.32846,0.23552,0.50521,3.470999956,0.368745893,0.252756029,0.455220014,3.408,0.332,0.2,0.444,3.334,0.359,0.217,0.411,3.312299967,0.343242675,0.235704988,0.183541179,3.415,0.364,0.227,0.167
133,Benin,Sub-Saharan Africa,3.34,0.28665,0.1826,0.0801,3.484,0.39499,0.2018,0.06681,3.657000065,0.431085408,0.207948461,0.060929015,4.141,0.378,0.163,0.067,4.883,0.393,0.175,0.082,5.21600008,0.366244704,0.196670428,0.740532577,5.045,0.507,0.166,0.661
134,Burundi,Sub-Saharan Africa,2.905,0.0153,0.19727,0.10062,2.905,0.06831,0.2029,0.09419,2.904999971,0.091622569,0.204435185,0.084147945,2.905,0.091,0.149,0.076,3.775,0.046,0.176,0.18,3.775300026,0,0.187401786,0.606934547,3.775,0,0.172,0.607
135,Togo,Sub-Saharan Africa,2.839,0.20868,0.16681,0.10731,3.303,0.28123,0.17517,0.11587,3.494999886,0.305444717,0.196896151,0.095665015,3.999,0.259,0.158,0.101,4.085,0.275,0.177,0.085,4.187200069,0.268116266,0.200774252,0.757733464,4.107,0.254,0.209,0.772